Workbook

Sheet Koordinaten
P1: 1441
C3: Koordinaten
D4: Standort | E4: Ziel
C5: Ostwert | D5: 481 | E5: 707 | F5: =IF(D5-E5=0,D5+0.0001,D5) -> 481 | R5: 225
C6: Nordwert | D6: 473 | E6: 428 | F6: =IF(D6-E6=0,D6+0.0001,D6) -> 473 | R6: =D6*3.5 -> 1655.5
C7: Höhe | D7: 95 | E7: 145
C10: Einstellungen
D12: Anzahl der Ringe: | E12: 4 | F12: Stk.
D14: Entfernung zum Ziel: | E14: =((D5-E5)^2+(D6-E6)^2)^(1/2)*10 -> 2304.3654 | F14: Meter
D15: ELEV: | E15: =VLOOKUP($E$12,Tabelle1!$G$4:$AB$8,12,FALSE) -> 1134.6016 | F15: MIL
D16: ∆ ELEV Höhe | E16: =VLOOKUP(E12,Tabelle1!$G$11:$R$15,3,FALSE) -> 9.1136667 | F16: MIL
D17: ELEV Gesamt | E17: =IF((D7-E7)>0,E15+E16,E15-E16) -> 1125.488 | F17: MIL
D18: Flugzeit | E18: {=INDEX('Flg Zeiten'!E3:I35,VLOOKUP(ROUND(E14/1000,1)*1000,'Flg Zeiten'!C3:D35,2,FALSE),1+E12)} -> 32.7 | F18: Sek
D20: Azimut
D21: Winkel | E21: =IF((F6-E6)<0,IF((F5-E5)>0,360+(ATAN((F5-E5)/(F6-E6))*180/PI()),IF((F5-E5)<0,0+(ATAN((F5-E5)/(F6-E6))*180/PI()))),IF((F5-E5)<0,180+(ATAN((F5-E5)/(F6-E6))*180/PI()),180+(ATAN((F5-E5)/(F6-E6))*180/PI()))) -> 101.26117 | F21: Grad
D22: Winkel | E22: =E21/360*6400 -> 1800.1986 | F22: MIL
C25: Folge
D26: Aktivieren | E26: NEIN
D27: in Richtung | E27: N | F27: =IF(ISERROR(VLOOKUP(E27,Tabelle1!$AT$25:$AV$32,3,FALSE)),"",VLOOKUP(E27,Tabelle1!$AT$25:$AV$32,3,FALSE)) -> ↑
E29: 1. | F29: 2. | G29: 3. | H29: 4. | I29: 5. | J29: 6. | K29: 7. | L29: 8. | M29: 9. | N29: 10.
C30: Entfernung | D30: ELEV | E30: =VLOOKUP($E$27,Tabelle1!$AO$3:$DG$19,6,FALSE) -> 1125.488 | F30: =VLOOKUP($E$27,Tabelle1!$AO$3:$DG$19,13,FALSE) -> 1126.5822 | G30: =VLOOKUP($E$27,Tabelle1!$AO$3:$DG$19,20,FALSE) -> 1127.6249 | H30: =VLOOKUP($E$27,Tabelle1!$AO$3:$DG$19,27,FALSE) -> 1128.6163 | I30: =VLOOKUP($E$27,Tabelle1!$AO$3:$DG$19,34,FALSE) -> 1129.5567 | J30: =VLOOKUP($E$27,Tabelle1!$AO$3:$DG$19,41,FALSE) -> 1130.4463 | K30: =VLOOKUP($E$27,Tabelle1!$AO$3:$DG$19,48,FALSE) -> 1131.2854 | L30: =VLOOKUP($E$27,Tabelle1!$AO$3:$DG$19,55,FALSE) -> 1132.0742 | M30: =VLOOKUP($E$27,Tabelle1!$AO$3:$DG$19,62,FALSE) -> 1132.8128 | N30: =VLOOKUP($E$27,Tabelle1!$AO$3:$DG$19,69,FALSE) -> 1133.5014
C31: Azimut | D31: Winkel | E31: =VLOOKUP($E$27,Tabelle1!$AO$3:$DG$19,8,FALSE) -> 1800.1986 | F31: =VLOOKUP($E$27,Tabelle1!$AO$3:$DG$19,15,FALSE) -> 1791.5137 | G31: =VLOOKUP($E$27,Tabelle1!$AO$3:$DG$19,22,FALSE) -> 1782.8006 | H31: =VLOOKUP($E$27,Tabelle1!$AO$3:$DG$19,29,FALSE) -> 1774.0604 | I31: =VLOOKUP($E$27,Tabelle1!$AO$3:$DG$19,36,FALSE) -> 1765.2942 | J31: =VLOOKUP($E$27,Tabelle1!$AO$3:$DG$19,43,FALSE) -> 1756.5032 | K31: =VLOOKUP($E$27,Tabelle1!$AO$3:$DG$19,50,FALSE) -> 1747.6887 | L31: =VLOOKUP($E$27,Tabelle1!$AO$3:$DG$19,57,FALSE) -> 1738.8518 | M31: =VLOOKUP($E$27,Tabelle1!$AO$3:$DG$19,64,FALSE) -> 1729.9939 | N31: =VLOOKUP($E$27,Tabelle1!$AO$3:$DG$19,71,FALSE) -> 1721.1161

Sheet Erklärungen

Sheet Flg Zeiten
E1: Ringe
C2: Entfernung | D2: Hilfswert | E2: 0 | F2: 1 | G2: 2 | H2: 3 | I2: 4
C3: 50 | D3: 1 | E3: 13.2 | J3: Zeit in Sekunden
C4: =C3+50 -> 100 | D4: =D3+1 -> 2 | E4: 13.2 | F4: 20
C5: =C4+50 -> 150 | D5: =D4+1 -> 3 | E5: 13
C6: =C5+50 -> 200 | D6: =D5+1 -> 4 | E6: 12.8 | F6: 19.9 | G6: 26.6
C7: =C6+50 -> 250 | D7: =D6+1 -> 5 | E7: 12.6
C8: =C7+50 -> 300 | D8: =D7+1 -> 6 | E8: 12.3 | F8: 19.7 | G8: 26.5 | H8: 31.7
C9: =C8+50 -> 350 | D9: =D8+1 -> 7 | E9: 11.7
C10: =C9+50 -> 400 | D10: =D9+1 -> 8 | E10: 10.7 | F10: 19.5 | G10: 26.4 | H10: 31.6 | I10: 36.3
C11: =C10+100 -> 500 | D11: =D10+1 -> 9 | F11: 19.2 | G11: 26.3 | H11: 31.6 | I11: 36.2
C12: =C11+100 -> 600 | D12: =D11+1 -> 10 | F12: 18.8 | G12: 26.2 | H12: 31.5 | I12: 36.2
C13: =C12+100 -> 700 | D13: =D12+1 -> 11 | F13: 18.3 | G13: 26 | H13: 31.4 | I13: 36.1
C14: =C13+100 -> 800 | D14: =D13+1 -> 12 | F14: 17.5 | G14: 25.8 | H14: 31.3 | I14: 36
C15: =C14+100 -> 900 | D15: =D14+1 -> 13 | F15: 16.1 | G15: 25.5 | H15: 31.1 | I15: 35.9
C16: =C15+100 -> 1000 | D16: =D15+1 -> 14 | G16: 25.2 | H16: 31 | I16: 35.8
C17: =C16+100 -> 1100 | D17: =D16+1 -> 15 | G17: 24.9 | H17: 30.8 | I17: 35.7
C18: =C17+100 -> 1200 | D18: =D17+1 -> 16 | G18: 24.4 | H18: 30.6 | I18: 35.6
C19: =C18+100 -> 1300 | D19: =D18+1 -> 17 | G19: 23.9 | H19: 30.3 | I19: 35.4
C20: =C19+100 -> 1400 | D20: =D19+1 -> 18 | G20: 23.2 | H20: 30.1 | I20: 35.3
C21: =C20+100 -> 1500 | D21: =D20+1 -> 19 | G21: 22.3 | H21: 29.7 | I21: 35.1
C22: =C21+100 -> 1600 | D22: =D21+1 -> 20 | G22: 20.9 | H22: 29.4 | I22: 34.9
C23: =C22+100 -> 1700 | D23: =D22+1 -> 21 | H23: 29 | I23: 34.6
C24: =C23+100 -> 1800 | D24: =D23+1 -> 22 | H24: 28.5 | I24: 34.4
C25: =C24+100 -> 1900 | D25: =D24+1 -> 23 | H25: 28 | I25: 34.1
C26: =C25+100 -> 2000 | D26: =D25+1 -> 24 | H26: 27.3 | I26: 33.8
C27: =C26+100 -> 2100 | D27: =D26+1 -> 25 | H27: 26.5 | I27: 33.5
C28: =C27+100 -> 2200 | D28: =D27+1 -> 26 | H28: 25.3 | I28: 33.1
C29: =C28+100 -> 2300 | D29: =D28+1 -> 27 | H29: 22.7 | I29: 32.7
C30: =C29+100 -> 2400 | D30: =D29+1 -> 28 | I30: 32.2
C31: =C30+100 -> 2500 | D31: =D30+1 -> 29 | I31: 31.7
C32: =C31+100 -> 2600 | D32: =D31+1 -> 30 | I32: 31
C33: =C32+100 -> 2700 | D33: =D32+1 -> 31 | I33: 30.3
C34: =C33+100 -> 2800 | D34: =D33+1 -> 32 | I34: 29.2
C35: =C34+100 -> 2900 | D35: =D34+1 -> 33 | I35: 27.7

Sheet Tabelle1
S1: Polynome Flugbahn
H2: Entfernung Ziel | AP2: 1. | AW2: 2. | BD2: 3. | BK2: 4. | BR2: 5. | BY2: 6. | CF2: 7. | CM2: 8. | CT2: 9. | DA2: 10.
H3: 1. | I3: 2. | J3: 3. | K3: 4. | L3: 5. | M3: 6. | N3: 7. | O3: 8. | P3: 9. | Q3: 10. | S3: 1. | T3: 2. | U3: 3. | V3: 4. | W3: 5. | X3: 6. | Y3: 7. | Z3: 8. | AA3: 9. | AB3: 10. | AD3: x1 | AE3: x2 | AF3: x3 | AG3: x4 | AH3: x5 | AI3: x6 | AP3: OW | AQ3: NW | AR3: Entf m | AS3: ELEV MIL | AT3: ELEV ges | AU3: Wi ° | AV3: WI MIL | AW3: OW | AX3: NW | AY3: Entf m | AZ3: ELEV MIL | BA3: ELEV ges | BB3: Wi ° | BC3: WI MIL | BD3: OW | BE3: NW | BF3: Entf m | BG3: ELEV MIL | BH3: ELEV ges | BI3: Wi ° | BJ3: WI MIL | BK3: OW | BL3: NW | BM3: Entf m | BN3: ELEV MIL | BO3: ELEV ges | BP3: Wi ° | BQ3: WI MIL | BR3: OW | BS3: NW | BT3: Entf m | BU3: ELEV MIL | BV3: ELEV ges | BW3: Wi ° | BX3: WI MIL | BY3: OW | BZ3: NW | CA3: Entf m | CB3: ELEV MIL | CC3: ELEV ges | CD3: Wi ° | CE3: WI MIL | CF3: OW | CG3: NW | CH3: Entf m | CI3: ELEV MIL | CJ3: ELEV ges | CK3: Wi ° | CL3: WI MIL | CM3: OW | CN3: NW | CO3: Entf m | CP3: ELEV MIL | CQ3: ELEV ges | CR3: Wi ° | CS3: WI MIL | CT3: OW | CU3: NW | CV3: Entf m | CW3: ELEV MIL | CX3: ELEV ges | CY3: Wi ° | CZ3: WI MIL | DA3: OW | DB3: NW | DC3: Entf m | DD3: ELEV MIL | DE3: ELEV ges | DF3: Wi ° | DG3: WI MIL
F4: mil - 0 Ringe | G4: 0 | H4: =Koordinaten!$E$14 -> 2304.3654 | I4: =Tabelle1!$AY$4 -> 2300.5434 | J4: =Tabelle1!$BF$4 -> 2296.8892 | K4: =Tabelle1!$BM$4 -> 2293.4036 | L4: =Tabelle1!$BT$4 -> 2290.0873 | M4: =Tabelle1!$CA$4 -> 2286.9412 | N4: =Tabelle1!$CH$4 -> 2283.9658 | O4: =Tabelle1!$CO$4 -> 2281.162 | P4: =Tabelle1!$CV$4 -> 2278.5302 | Q4: =Tabelle1!$DC$4 -> 2276.0712 | R4: =IF(H4>400, "n.M.",S4) -> n.M. | S4: =$AG$4*H4^4+$AF$4*H4^3+$AE$4*H4^2+$AD$4*H4+$AC$4 -> -1032061.1 | T4: =$AG$4*I4^4+$AF$4*I4^3+$AE$4*I4^2+$AD$4*I4+$AC$4 -> -1024680.2 | U4: =$AG$4*J4^4+$AF$4*J4^3+$AE$4*J4^2+$AD$4*J4+$AC$4 -> -1017660.3 | V4: =$AG$4*K4^4+$AF$4*K4^3+$AE$4*K4^2+$AD$4*K4+$AC$4 -> -1010998.1 | W4: =$AG$4*L4^4+$AF$4*L4^3+$AE$4*L4^2+$AD$4*L4+$AC$4 -> -1004689.9 | X4: =$AG$4*M4^4+$AF$4*M4^3+$AE$4*M4^2+$AD$4*M4+$AC$4 -> -998732.66 | Y4: =$AG$4*N4^4+$AF$4*N4^3+$AE$4*N4^2+$AD$4*N4+$AC$4 -> -993123.24 | Z4: =$AG$4*O4^4+$AF$4*O4^3+$AE$4*O4^2+$AD$4*O4+$AC$4 -> -987858.76 | ... AB4: =$AG$4*Q4^4+$AF$4*Q4^3+$AE$4*Q4^2+$AD$4*Q4+$AC$4 -> -978353.89 | AC4: 1574.89 | AD4: =-0.348741 -> -0.348741 | AE4: =-0.00885985 -> -0.00885985 | AF4: 3.46566e-05 | AG4: =-0.00000005 -> -5e-08 | AN4: 1 | AO4: N | AP4: =Koordinaten!$E$5 -> 707 | AQ4: =Koordinaten!$E$6 -> 428 | AR4: =((Koordinaten!$D$5-AP4)^2+(Koordinaten!$D$6-AQ4)^2)^(1/2)*10 -> 2304.3654 | AS4: =VLOOKUP(Koordinaten!$E$12,Tabelle1!$G$4:$AB$8,13,FALSE) -> 1134.6016 | AT4: =IF((Koordinaten!$D$7-Koordinaten!$E$7)>0,AS4+Koordinaten!$E$16,AS4-Koordinaten!$E$16) -> 1125.488 | AU4: =IF((Koordinaten!$F$6-AQ4)<0,IF((Koordinaten!$F$5-AP4)>0,360+(ATAN((Koordinaten!$F$5-AP4)/(Koordinaten!$F$6-AQ4))*180/PI()),IF((Koordinaten!$F$5-AP4)<0,0+(ATAN((Koordinaten!$F$5-AP4)/(Koordinaten!$F$6-AQ4))*180/PI()))),IF((Koordinaten!$F$5-AP4)<0,180+(ATAN((Koordinaten!$F$5-AP4)/(Koordinaten!$F$6-AQ4))*180/PI()),180+(ATAN((Koordinaten!$F$5-AP4)/(Koordinaten!$F$6-AQ4))*180/PI()))) -> 101.26117 | AV4: =AU4/360*6400 -> 1800.1986 | AW4: =AP4 -> 707 | AX4: =AQ4+2 -> 430 | AY4: =((Koordinaten!$D$5-AW4)^2+(Koordinaten!$D$6-AX4)^2)^(1/2)*10 -> 2300.5434 | AZ4: =VLOOKUP(Koordinaten!$E$12,Tabelle1!$G$4:$AB$8,14,FALSE) -> 1135.6959 | BA4: =IF((Koordinaten!$D$7-Koordinaten!$E$7)>0,AZ4+Koordinaten!$E$16,AZ4-Koordinaten!$E$16) -> 1126.5822 | BB4: =IF((Koordinaten!$F$6-AX4)<0,IF((Koordinaten!$F$5-AW4)>0,360+(ATAN((Koordinaten!$F$5-AW4)/(Koordinaten!$F$6-AX4))*180/PI()),IF((Koordinaten!$F$5-AW4)<0,0+(ATAN((Koordinaten!$F$5-AW4)/(Koordinaten!$F$6-AX4))*180/PI()))),IF((Koordinaten!$F$5-AW4)<0,180+(ATAN((Koordinaten!$F$5-AW4)/(Koordinaten!$F$6-AX4))*180/PI()),180+(ATAN((Koordinaten!$F$5-AW4)/(Koordinaten!$F$6-AX4))*180/PI()))) -> 100.77265 | BC4: =BB4/360*6400 -> 1791.5137 | BD4: =AW4 -> 707 | BE4: =AX4+2 -> 432 | BF4: =((Koordinaten!$D$5-BD4)^2+(Koordinaten!$D$6-BE4)^2)^(1/2)*10 -> 2296.8892 | BG4: =VLOOKUP(Koordinaten!$E$12,Tabelle1!$G$4:$AB$8,15,FALSE) -> 1136.7386 | BH4: =IF((Koordinaten!$D$7-Koordinaten!$E$7)>0,BG4+Koordinaten!$E$16,BG4-Koordinaten!$E$16) -> 1127.6249 | BI4: =IF((Koordinaten!$F$6-BE4)<0,IF((Koordinaten!$F$5-BD4)>0,360+(ATAN((Koordinaten!$F$5-BD4)/(Koordinaten!$F$6-BE4))*180/PI()),IF((Koordinaten!$F$5-BD4)<0,0+(ATAN((Koordinaten!$F$5-BD4)/(Koordinaten!$F$6-BE4))*180/PI()))),IF((Koordinaten!$F$5-BD4)<0,180+(ATAN((Koordinaten!$F$5-BD4)/(Koordinaten!$F$6-BE4))*180/PI()),180+(ATAN((Koordinaten!$F$5-BD4)/(Koordinaten!$F$6-BE4))*180/PI()))) -> 100.28254 | BJ4: =BI4/360*6400 -> 1782.8006 | BK4: =BD4 -> 707 | BL4: =BE4+2 -> 434 | BM4: =((Koordinaten!$D$5-BK4)^2+(Koordinaten!$D$6-BL4)^2)^(1/2)*10 -> 2293.4036 | BN4: =VLOOKUP(Koordinaten!$E$12,Tabelle1!$G$4:$AB$8,16,FALSE) -> 1137.73 | BO4: =IF((Koordinaten!$D$7-Koordinaten!$E$7)>0,BN4+Koordinaten!$E$16,BN4-Koordinaten!$E$16) -> 1128.6163 | BP4: =IF((Koordinaten!$F$6-BL4)<0,IF((Koordinaten!$F$5-BK4)>0,360+(ATAN((Koordinaten!$F$5-BK4)/(Koordinaten!$F$6-BL4))*180/PI()),IF((Koordinaten!$F$5-BK4)<0,0+(ATAN((Koordinaten!$F$5-BK4)/(Koordinaten!$F$6-BL4))*180/PI()))),IF((Koordinaten!$F$5-BK4)<0,180+(ATAN((Koordinaten!$F$5-BK4)/(Koordinaten!$F$6-BL4))*180/PI()),180+(ATAN((Koordinaten!$F$5-BK4)/(Koordinaten!$F$6-BL4))*180/PI()))) -> 99.790897 | BQ4: =BP4/360*6400 -> 1774.0604 | BR4: =BK4 -> 707 | BS4: =BL4+2 -> 436 | BT4: =((Koordinaten!$D$5-BR4)^2+(Koordinaten!$D$6-BS4)^2)^(1/2)*10 -> 2290.0873 | BU4: =VLOOKUP(Koordinaten!$E$12,Tabelle1!$G$4:$AB$8,17,FALSE) -> 1138.6704 | BV4: =IF((Koordinaten!$D$7-Koordinaten!$E$7)>0,BU4+Koordinaten!$E$16,BU4-Koordinaten!$E$16) -> 1129.5567 | BW4: =IF((Koordinaten!$F$6-BS4)<0,IF((Koordinaten!$F$5-BR4)>0,360+(ATAN((Koordinaten!$F$5-BR4)/(Koordinaten!$F$6-BS4))*180/PI()),IF((Koordinaten!$F$5-BR4)<0,0+(ATAN((Koordinaten!$F$5-BR4)/(Koordinaten!$F$6-BS4))*180/PI()))),IF((Koordinaten!$F$5-BR4)<0,180+(ATAN((Koordinaten!$F$5-BR4)/(Koordinaten!$F$6-BS4))*180/PI()),180+(ATAN((Koordinaten!$F$5-BR4)/(Koordinaten!$F$6-BS4))*180/PI()))) -> 99.297798 | BX4: =BW4/360*6400 -> 1765.2942 | BY4: =BR4 -> 707 | BZ4: =BS4+2 -> 438 | CA4: =((Koordinaten!$D$5-BY4)^2+(Koordinaten!$D$6-BZ4)^2)^(1/2)*10 -> 2286.9412 | CB4: =VLOOKUP(Koordinaten!$E$12,Tabelle1!$G$4:$AB$8,18,FALSE) -> 1139.56 | CC4: =IF((Koordinaten!$D$7-Koordinaten!$E$7)>0,CB4+Koordinaten!$E$16,CB4-Koordinaten!$E$16) -> 1130.4463 | CD4: =IF((Koordinaten!$F$6-BZ4)<0,IF((Koordinaten!$F$5-BY4)>0,360+(ATAN((Koordinaten!$F$5-BY4)/(Koordinaten!$F$6-BZ4))*180/PI()),IF((Koordinaten!$F$5-BY4)<0,0+(ATAN((Koordinaten!$F$5-BY4)/(Koordinaten!$F$6-BZ4))*180/PI()))),IF((Koordinaten!$F$5-BY4)<0,180+(ATAN((Koordinaten!$F$5-BY4)/(Koordinaten!$F$6-BZ4))*180/PI()),180+(ATAN((Koordinaten!$F$5-BY4)/(Koordinaten!$F$6-BZ4))*180/PI()))) -> 98.803306 | CE4: =CD4/360*6400 -> 1756.5032 | CF4: =BY4 -> 707 | CG4: =BZ4+2 -> 440 | CH4: =((Koordinaten!$D$5-CF4)^2+(Koordinaten!$D$6-CG4)^2)^(1/2)*10 -> 2283.9658 | CI4: =VLOOKUP(Koordinaten!$E$12,Tabelle1!$G$4:$AB$8,19,FALSE) -> 1140.3991 | CJ4: =IF((Koordinaten!$D$7-Koordinaten!$E$7)>0,CI4+Koordinaten!$E$16,CI4-Koordinaten!$E$16) -> 1131.2854 | CK4: =IF((Koordinaten!$F$6-CG4)<0,IF((Koordinaten!$F$5-CF4)>0,360+(ATAN((Koordinaten!$F$5-CF4)/(Koordinaten!$F$6-CG4))*180/PI()),IF((Koordinaten!$F$5-CF4)<0,0+(ATAN((Koordinaten!$F$5-CF4)/(Koordinaten!$F$6-CG4))*180/PI()))),IF((Koordinaten!$F$5-CF4)<0,180+(ATAN((Koordinaten!$F$5-CF4)/(Koordinaten!$F$6-CG4))*180/PI()),180+(ATAN((Koordinaten!$F$5-CF4)/(Koordinaten!$F$6-CG4))*180/PI()))) -> 98.307488 | CL4: =CK4/360*6400 -> 1747.6887 | CM4: =CF4 -> 707 | CN4: =CG4+2 -> 442 | CO4: =((Koordinaten!$D$5-CM4)^2+(Koordinaten!$D$6-CN4)^2)^(1/2)*10 -> 2281.162 | CP4: =VLOOKUP(Koordinaten!$E$12,Tabelle1!$G$4:$AB$8,20,FALSE) -> 1141.1878 | CQ4: =IF((Koordinaten!$D$7-Koordinaten!$E$7)>0,CP4+Koordinaten!$E$16,CP4-Koordinaten!$E$16) -> 1132.0742 | CR4: =IF((Koordinaten!$F$6-CN4)<0,IF((Koordinaten!$F$5-CM4)>0,360+(ATAN((Koordinaten!$F$5-CM4)/(Koordinaten!$F$6-CN4))*180/PI()),IF((Koordinaten!$F$5-CM4)<0,0+(ATAN((Koordinaten!$F$5-CM4)/(Koordinaten!$F$6-CN4))*180/PI()))),IF((Koordinaten!$F$5-CM4)<0,180+(ATAN((Koordinaten!$F$5-CM4)/(Koordinaten!$F$6-CN4))*180/PI()),180+(ATAN((Koordinaten!$F$5-CM4)/(Koordinaten!$F$6-CN4))*180/PI()))) -> 97.810414 | CS4: =CR4/360*6400 -> 1738.8518 | CT4: =CM4 -> 707 | CU4: =CN4+2 -> 444 | CV4: =((Koordinaten!$D$5-CT4)^2+(Koordinaten!$D$6-CU4)^2)^(1/2)*10 -> 2278.5302 | CW4: =VLOOKUP(Koordinaten!$E$12,Tabelle1!$G$4:$AB$8,21,FALSE) -> 1141.9264 | CX4: =IF((Koordinaten!$D$7-Koordinaten!$E$7)>0,CW4+Koordinaten!$E$16,CW4-Koordinaten!$E$16) -> 1132.8128 | CY4: =IF((Koordinaten!$F$6-CU4)<0,IF((Koordinaten!$F$5-CT4)>0,360+(ATAN((Koordinaten!$F$5-CT4)/(Koordinaten!$F$6-CU4))*180/PI()),IF((Koordinaten!$F$5-CT4)<0,0+(ATAN((Koordinaten!$F$5-CT4)/(Koordinaten!$F$6-CU4))*180/PI()))),IF((Koordinaten!$F$5-CT4)<0,180+(ATAN((Koordinaten!$F$5-CT4)/(Koordinaten!$F$6-CU4))*180/PI()),180+(ATAN((Koordinaten!$F$5-CT4)/(Koordinaten!$F$6-CU4))*180/PI()))) -> 97.312155 | CZ4: =CY4/360*6400 -> 1729.9939 | DA4: =CT4 -> 707 | DB4: =CU4+2 -> 446 | DC4: =((Koordinaten!$D$5-DA4)^2+(Koordinaten!$D$6-DB4)^2)^(1/2)*10 -> 2276.0712 | DD4: =VLOOKUP(Koordinaten!$E$12,Tabelle1!$G$4:$AB$8,22,FALSE) -> 1142.6151 | DE4: =IF((Koordinaten!$D$7-Koordinaten!$E$7)>0,DD4+Koordinaten!$E$16,DD4-Koordinaten!$E$16) -> 1133.5014 | DF4: =IF((Koordinaten!$F$6-DB4)<0,IF((Koordinaten!$F$5-DA4)>0,360+(ATAN((Koordinaten!$F$5-DA4)/(Koordinaten!$F$6-DB4))*180/PI()),IF((Koordinaten!$F$5-DA4)<0,0+(ATAN((Koordinaten!$F$5-DA4)/(Koordinaten!$F$6-DB4))*180/PI()))),IF((Koordinaten!$F$5-DA4)<0,180+(ATAN((Koordinaten!$F$5-DA4)/(Koordinaten!$F$6-DB4))*180/PI()),180+(ATAN((Koordinaten!$F$5-DA4)/(Koordinaten!$F$6-DB4))*180/PI()))) -> 96.812781 | DG4: =DF4/360*6400 -> 1721.1161
F5: mil - 1 Ring | G5: 1 | H5: =Koordinaten!$E$14 -> 2304.3654 | I5: =Tabelle1!$AY$4 -> 2300.5434 | J5: =Tabelle1!$BF$4 -> 2296.8892 | K5: =Tabelle1!$BM$4 -> 2293.4036 | L5: =Tabelle1!$BT$4 -> 2290.0873 | M5: =Tabelle1!$CA$4 -> 2286.9412 | N5: =Tabelle1!$CH$4 -> 2283.9658 | O5: =Tabelle1!$CO$4 -> 2281.162 | P5: =Tabelle1!$CV$4 -> 2278.5302 | Q5: =Tabelle1!$DC$4 -> 2276.0712 | R5: =IF(H5>900, "n.M.",S5) -> n.M. | S5: =$AG$5*H5^4+$AF$5*H5^3+$AE$5*H5^2+$AD$5*H5+$AC$5 -> -19398.158 | T5: =$AG$5*I5^4+$AF$5*I5^3+$AE$5*I5^2+$AD$5*I5+$AC$5 -> -19241.941 | U5: =$AG$5*J5^4+$AF$5*J5^3+$AE$5*J5^2+$AD$5*J5+$AC$5 -> -19093.431 | V5: =$AG$5*K5^4+$AF$5*K5^3+$AE$5*K5^2+$AD$5*K5+$AC$5 -> -18952.544 | W5: =$AG$5*L5^4+$AF$5*L5^3+$AE$5*L5^2+$AD$5*L5+$AC$5 -> -18819.198 | X5: =$AG$5*M5^4+$AF$5*M5^3+$AE$5*M5^2+$AD$5*M5+$AC$5 -> -18693.318 | Y5: =$AG$5*N5^4+$AF$5*N5^3+$AE$5*N5^2+$AD$5*N5+$AC$5 -> -18574.829 | Z5: =$AG$5*O5^4+$AF$5*O5^3+$AE$5*O5^2+$AD$5*O5+$AC$5 -> -18463.665 | ... AB5: =$AG$5*Q5^4+$AF$5*Q5^3+$AE$5*Q5^2+$AD$5*Q5+$AC$5 -> -18263.053 | AC5: 1585.33 | AD5: =-0.294365 -> -0.294365 | AE5: =-0.00115982 -> -0.00115982 | AF5: =0.00000203322 -> 2.03322e-06 | AG5: =-0.00000000138403 -> -1.38403e-09
F6: mil - 2 Ringe | G6: 2 | H6: =Koordinaten!$E$14 -> 2304.3654 | I6: =Tabelle1!$AY$4 -> 2300.5434 | J6: =Tabelle1!$BF$4 -> 2296.8892 | K6: =Tabelle1!$BM$4 -> 2293.4036 | L6: =Tabelle1!$BT$4 -> 2290.0873 | M6: =Tabelle1!$CA$4 -> 2286.9412 | N6: =Tabelle1!$CH$4 -> 2283.9658 | O6: =Tabelle1!$CO$4 -> 2281.162 | P6: =Tabelle1!$CV$4 -> 2278.5302 | Q6: =Tabelle1!$DC$4 -> 2276.0712 | R6: =IF(H6>1600, "n.M.",S6) -> n.M. | S6: =$AH$6*H6^5+$AG$6*H6^4+$AF$6*H6^3+$AE$6*H6^2+$AD$6*H6+$AC$6 -> -1585.8487 | T6: =$AH$6*I6^5+$AG$6*I6^4+$AF$6*I6^3+$AE$6*I6^2+$AD$6*I6+$AC$6 -> -1555.6314 | U6: =$AH$6*J6^5+$AG$6*J6^4+$AF$6*J6^3+$AE$6*J6^2+$AD$6*J6+$AC$6 -> -1527.0062 | V6: =$AH$6*K6^5+$AG$6*K6^4+$AF$6*K6^3+$AE$6*K6^2+$AD$6*K6+$AC$6 -> -1499.942 | W6: =$AH$6*L6^5+$AG$6*L6^4+$AF$6*L6^3+$AE$6*L6^2+$AD$6*L6+$AC$6 -> -1474.4092 | X6: =$AH$6*M6^5+$AG$6*M6^4+$AF$6*M6^3+$AE$6*M6^2+$AD$6*M6+$AC$6 -> -1450.3796 | Y6: =$AH$6*N6^5+$AG$6*N6^4+$AF$6*N6^3+$AE$6*N6^2+$AD$6*N6+$AC$6 -> -1427.8271 | Z6: =$AH$6*O6^5+$AG$6*O6^4+$AF$6*O6^3+$AE$6*O6^2+$AD$6*O6+$AC$6 -> -1406.7268 | ... AB6: =$AH$6*Q6^5+$AG$6*Q6^4+$AF$6*Q6^3+$AE$6*Q6^2+$AD$6*Q6+$AC$6 -> -1368.7917 | AC6: 1628.85 | AD6: =-0.590671 -> -0.590671 | AE6: 0.000957662 | AF6: -1.4732e-06 | AG6: 1.00979e-09 | AH6: =-0.000000000000267564 -> -2.67564e-13 | AN6: 2 | AO6: NE | AP6: =Koordinaten!$E$5 -> 707 | AQ6: =Koordinaten!$E$6 -> 428 | AR6: =((Koordinaten!$D$5-AP6)^2+(Koordinaten!$D$6-AQ6)^2)^(1/2)*10 -> 2304.3654 | AS6: =VLOOKUP(Koordinaten!$E$12,Tabelle1!$G$4:$AB$8,13,FALSE) -> 1134.6016 | AT6: =IF((Koordinaten!$D$7-Koordinaten!$E$7)>0,AS6+Koordinaten!$E$16,AS6-Koordinaten!$E$16) -> 1125.488 | AU6: =IF((Koordinaten!$F$6-AQ6)<0,IF((Koordinaten!$F$5-AP6)>0,360+(ATAN((Koordinaten!$F$5-AP6)/(Koordinaten!$F$6-AQ6))*180/PI()),IF((Koordinaten!$F$5-AP6)<0,0+(ATAN((Koordinaten!$F$5-AP6)/(Koordinaten!$F$6-AQ6))*180/PI()))),IF((Koordinaten!$F$5-AP6)<0,180+(ATAN((Koordinaten!$F$5-AP6)/(Koordinaten!$F$6-AQ6))*180/PI()),180+(ATAN((Koordinaten!$F$5-AP6)/(Koordinaten!$F$6-AQ6))*180/PI()))) -> 101.26117 | AV6: =AU6/360*6400 -> 1800.1986 | AW6: =AP6+1.414 -> 708.414 | AX6: =AQ6+1.414 -> 429.414 | AY6: =((Koordinaten!$D$5-AW6)^2+(Koordinaten!$D$6-AX6)^2)^(1/2)*10 -> 2315.5316 | AZ6: =VLOOKUP(Koordinaten!$E$12,Tabelle1!$G$4:$AB$8,14,FALSE) -> 1135.6959 | BA6: =IF((Koordinaten!$D$7-Koordinaten!$E$7)>0,AZ6+Koordinaten!$E$16,AZ6-Koordinaten!$E$16) -> 1126.5822 | BB6: =IF((Koordinaten!$F$6-AX6)<0,IF((Koordinaten!$F$5-AW6)>0,360+(ATAN((Koordinaten!$F$5-AW6)/(Koordinaten!$F$6-AX6))*180/PI()),IF((Koordinaten!$F$5-AW6)<0,0+(ATAN((Koordinaten!$F$5-AW6)/(Koordinaten!$F$6-AX6))*180/PI()))),IF((Koordinaten!$F$5-AW6)<0,180+(ATAN((Koordinaten!$F$5-AW6)/(Koordinaten!$F$6-AX6))*180/PI()),180+(ATAN((Koordinaten!$F$5-AW6)/(Koordinaten!$F$6-AX6))*180/PI()))) -> 100.8497 | BC6: =BB6/360*6400 -> 1792.8835 | BD6: =AW6+1.414 -> 709.828 | BE6: =AX6+1.414 -> 430.828 | BF6: =((Koordinaten!$D$5-BD6)^2+(Koordinaten!$D$6-BE6)^2)^(1/2)*10 -> 2326.8161 | BG6: =VLOOKUP(Koordinaten!$E$12,Tabelle1!$G$4:$AB$8,15,FALSE) -> 1136.7386 | BH6: =IF((Koordinaten!$D$7-Koordinaten!$E$7)>0,BG6+Koordinaten!$E$16,BG6-Koordinaten!$E$16) -> 1127.6249 | BI6: =IF((Koordinaten!$F$6-BE6)<0,IF((Koordinaten!$F$5-BD6)>0,360+(ATAN((Koordinaten!$F$5-BD6)/(Koordinaten!$F$6-BE6))*180/PI()),IF((Koordinaten!$F$5-BD6)<0,0+(ATAN((Koordinaten!$F$5-BD6)/(Koordinaten!$F$6-BE6))*180/PI()))),IF((Koordinaten!$F$5-BD6)<0,180+(ATAN((Koordinaten!$F$5-BD6)/(Koordinaten!$F$6-BE6))*180/PI()),180+(ATAN((Koordinaten!$F$5-BD6)/(Koordinaten!$F$6-BE6))*180/PI()))) -> 100.44219 | BJ6: =BI6/360*6400 -> 1785.639 | BK6: =BD6+1.414 -> 711.242 | BL6: =BE6+1.414 -> 432.242 | BM6: =((Koordinaten!$D$5-BK6)^2+(Koordinaten!$D$6-BL6)^2)^(1/2)*10 -> 2338.2171 | BN6: =VLOOKUP(Koordinaten!$E$12,Tabelle1!$G$4:$AB$8,16,FALSE) -> 1137.73 | BO6: =IF((Koordinaten!$D$7-Koordinaten!$E$7)>0,BN6+Koordinaten!$E$16,BN6-Koordinaten!$E$16) -> 1128.6163 | BP6: =IF((Koordinaten!$F$6-BL6)<0,IF((Koordinaten!$F$5-BK6)>0,360+(ATAN((Koordinaten!$F$5-BK6)/(Koordinaten!$F$6-BL6))*180/PI()),IF((Koordinaten!$F$5-BK6)<0,0+(ATAN((Koordinaten!$F$5-BK6)/(Koordinaten!$F$6-BL6))*180/PI()))),IF((Koordinaten!$F$5-BK6)<0,180+(ATAN((Koordinaten!$F$5-BK6)/(Koordinaten!$F$6-BL6))*180/PI()),180+(ATAN((Koordinaten!$F$5-BK6)/(Koordinaten!$F$6-BL6))*180/PI()))) -> 100.03864 | BQ6: =BP6/360*6400 -> 1778.4647 | BR6: =BK6+1.414 -> 712.656 | BS6: =BL6+1.414 -> 433.656 | BT6: =((Koordinaten!$D$5-BR6)^2+(Koordinaten!$D$6-BS6)^2)^(1/2)*10 -> 2349.733 | BU6: =VLOOKUP(Koordinaten!$E$12,Tabelle1!$G$4:$AB$8,17,FALSE) -> 1138.6704 | BV6: =IF((Koordinaten!$D$7-Koordinaten!$E$7)>0,BU6+Koordinaten!$E$16,BU6-Koordinaten!$E$16) -> 1129.5567 | BW6: =IF((Koordinaten!$F$6-BS6)<0,IF((Koordinaten!$F$5-BR6)>0,360+(ATAN((Koordinaten!$F$5-BR6)/(Koordinaten!$F$6-BS6))*180/PI()),IF((Koordinaten!$F$5-BR6)<0,0+(ATAN((Koordinaten!$F$5-BR6)/(Koordinaten!$F$6-BS6))*180/PI()))),IF((Koordinaten!$F$5-BR6)<0,180+(ATAN((Koordinaten!$F$5-BR6)/(Koordinaten!$F$6-BS6))*180/PI()),180+(ATAN((Koordinaten!$F$5-BR6)/(Koordinaten!$F$6-BS6))*180/PI()))) -> 99.639026 | BX6: =BW6/360*6400 -> 1771.3605 | BY6: =BR6+1.414 -> 714.07 | BZ6: =BS6+1.414 -> 435.07 | CA6: =((Koordinaten!$D$5-BY6)^2+(Koordinaten!$D$6-BZ6)^2)^(1/2)*10 -> 2361.3621 | CB6: =VLOOKUP(Koordinaten!$E$12,Tabelle1!$G$4:$AB$8,18,FALSE) -> 1139.56 | CC6: =IF((Koordinaten!$D$7-Koordinaten!$E$7)>0,CB6+Koordinaten!$E$16,CB6-Koordinaten!$E$16) -> 1130.4463 | CD6: =IF((Koordinaten!$F$6-BZ6)<0,IF((Koordinaten!$F$5-BY6)>0,360+(ATAN((Koordinaten!$F$5-BY6)/(Koordinaten!$F$6-BZ6))*180/PI()),IF((Koordinaten!$F$5-BY6)<0,0+(ATAN((Koordinaten!$F$5-BY6)/(Koordinaten!$F$6-BZ6))*180/PI()))),IF((Koordinaten!$F$5-BY6)<0,180+(ATAN((Koordinaten!$F$5-BY6)/(Koordinaten!$F$6-BZ6))*180/PI()),180+(ATAN((Koordinaten!$F$5-BY6)/(Koordinaten!$F$6-BZ6))*180/PI()))) -> 99.243328 | CE6: =CD6/360*6400 -> 1764.3258 | CF6: =BY6+1.414 -> 715.484 | CG6: =BZ6+1.414 -> 436.484 | CH6: =((Koordinaten!$D$5-CF6)^2+(Koordinaten!$D$6-CG6)^2)^(1/2)*10 -> 2373.1027 | CI6: =VLOOKUP(Koordinaten!$E$12,Tabelle1!$G$4:$AB$8,19,FALSE) -> 1140.3991 | CJ6: =IF((Koordinaten!$D$7-Koordinaten!$E$7)>0,CI6+Koordinaten!$E$16,CI6-Koordinaten!$E$16) -> 1131.2854 | CK6: =IF((Koordinaten!$F$6-CG6)<0,IF((Koordinaten!$F$5-CF6)>0,360+(ATAN((Koordinaten!$F$5-CF6)/(Koordinaten!$F$6-CG6))*180/PI()),IF((Koordinaten!$F$5-CF6)<0,0+(ATAN((Koordinaten!$F$5-CF6)/(Koordinaten!$F$6-CG6))*180/PI()))),IF((Koordinaten!$F$5-CF6)<0,180+(ATAN((Koordinaten!$F$5-CF6)/(Koordinaten!$F$6-CG6))*180/PI()),180+(ATAN((Koordinaten!$F$5-CF6)/(Koordinaten!$F$6-CG6))*180/PI()))) -> 98.851527 | CL6: =CK6/360*6400 -> 1757.3605 | CM6: =CF6+1.414 -> 716.898 | CN6: =CG6+1.414 -> 437.898 | CO6: =((Koordinaten!$D$5-CM6)^2+(Koordinaten!$D$6-CN6)^2)^(1/2)*10 -> 2384.9532 | CP6: =VLOOKUP(Koordinaten!$E$12,Tabelle1!$G$4:$AB$8,20,FALSE) -> 1141.1878 | CQ6: =IF((Koordinaten!$D$7-Koordinaten!$E$7)>0,CP6+Koordinaten!$E$16,CP6-Koordinaten!$E$16) -> 1132.0742 | CR6: =IF((Koordinaten!$F$6-CN6)<0,IF((Koordinaten!$F$5-CM6)>0,360+(ATAN((Koordinaten!$F$5-CM6)/(Koordinaten!$F$6-CN6))*180/PI()),IF((Koordinaten!$F$5-CM6)<0,0+(ATAN((Koordinaten!$F$5-CM6)/(Koordinaten!$F$6-CN6))*180/PI()))),IF((Koordinaten!$F$5-CM6)<0,180+(ATAN((Koordinaten!$F$5-CM6)/(Koordinaten!$F$6-CN6))*180/PI()),180+(ATAN((Koordinaten!$F$5-CM6)/(Koordinaten!$F$6-CN6))*180/PI()))) -> 98.463602 | CS6: =CR6/360*6400 -> 1750.464 | CT6: =CM6+1.414 -> 718.312 | CU6: =CN6+1.414 -> 439.312 | CV6: =((Koordinaten!$D$5-CT6)^2+(Koordinaten!$D$6-CU6)^2)^(1/2)*10 -> 2396.9119 | CW6: =VLOOKUP(Koordinaten!$E$12,Tabelle1!$G$4:$AB$8,21,FALSE) -> 1141.9264 | CX6: =IF((Koordinaten!$D$7-Koordinaten!$E$7)>0,CW6+Koordinaten!$E$16,CW6-Koordinaten!$E$16) -> 1132.8128 | CY6: =IF((Koordinaten!$F$6-CU6)<0,IF((Koordinaten!$F$5-CT6)>0,360+(ATAN((Koordinaten!$F$5-CT6)/(Koordinaten!$F$6-CU6))*180/PI()),IF((Koordinaten!$F$5-CT6)<0,0+(ATAN((Koordinaten!$F$5-CT6)/(Koordinaten!$F$6-CU6))*180/PI()))),IF((Koordinaten!$F$5-CT6)<0,180+(ATAN((Koordinaten!$F$5-CT6)/(Koordinaten!$F$6-CU6))*180/PI()),180+(ATAN((Koordinaten!$F$5-CT6)/(Koordinaten!$F$6-CU6))*180/PI()))) -> 98.07953 | CZ6: =CY6/360*6400 -> 1743.6361 | DA6: =CT6+1.414 -> 719.726 | DB6: =CU6+1.414 -> 440.726 | DC6: =((Koordinaten!$D$5-DA6)^2+(Koordinaten!$D$6-DB6)^2)^(1/2)*10 -> 2408.9773 | DD6: =VLOOKUP(Koordinaten!$E$12,Tabelle1!$G$4:$AB$8,22,FALSE) -> 1142.6151 | DE6: =IF((Koordinaten!$D$7-Koordinaten!$E$7)>0,DD6+Koordinaten!$E$16,DD6-Koordinaten!$E$16) -> 1133.5014 | DF6: =IF((Koordinaten!$F$6-DB6)<0,IF((Koordinaten!$F$5-DA6)>0,360+(ATAN((Koordinaten!$F$5-DA6)/(Koordinaten!$F$6-DB6))*180/PI()),IF((Koordinaten!$F$5-DA6)<0,0+(ATAN((Koordinaten!$F$5-DA6)/(Koordinaten!$F$6-DB6))*180/PI()))),IF((Koordinaten!$F$5-DA6)<0,180+(ATAN((Koordinaten!$F$5-DA6)/(Koordinaten!$F$6-DB6))*180/PI()),180+(ATAN((Koordinaten!$F$5-DA6)/(Koordinaten!$F$6-DB6))*180/PI()))) -> 97.699288 | DG6: =DF6/360*6400 -> 1736.8762
F7: mil - 3 Ringe | G7: 3 | H7: =Koordinaten!$E$14 -> 2304.3654 | I7: =Tabelle1!$AY$4 -> 2300.5434 | J7: =Tabelle1!$BF$4 -> 2296.8892 | K7: =Tabelle1!$BM$4 -> 2293.4036 | L7: =Tabelle1!$BT$4 -> 2290.0873 | M7: =Tabelle1!$CA$4 -> 2286.9412 | N7: =Tabelle1!$CH$4 -> 2283.9658 | O7: =Tabelle1!$CO$4 -> 2281.162 | P7: =Tabelle1!$CV$4 -> 2278.5302 | Q7: =Tabelle1!$DC$4 -> 2276.0712 | R7: =IF(H7>2300, "n.M.",S7) -> n.M. | S7: =$AH$7*H7^5+$AG$7*H7^4+$AF$7*H7^3+$AE$7*H7^2+$AD$7*H7+$AC$7 -> 804.59793 | T7: =$AH$7*I7^5+$AG$7*I7^4+$AF$7*I7^3+$AE$7*I7^2+$AD$7*I7+$AC$7 -> 809.33372 | U7: =$AH$7*J7^5+$AG$7*J7^4+$AF$7*J7^3+$AE$7*J7^2+$AD$7*J7+$AC$7 -> 813.81135 | V7: =$AH$7*K7^5+$AG$7*K7^4+$AF$7*K7^3+$AE$7*K7^2+$AD$7*K7+$AC$7 -> 818.03709 | W7: =$AH$7*L7^5+$AG$7*L7^4+$AF$7*L7^3+$AE$7*L7^2+$AD$7*L7+$AC$7 -> 822.01684 | X7: =$AH$7*M7^5+$AG$7*M7^4+$AF$7*M7^3+$AE$7*M7^2+$AD$7*M7+$AC$7 -> 825.75615 | Y7: =$AH$7*N7^5+$AG$7*N7^4+$AF$7*N7^3+$AE$7*N7^2+$AD$7*N7+$AC$7 -> 829.26022 | Z7: =$AH$7*O7^5+$AG$7*O7^4+$AF$7*O7^3+$AE$7*O7^2+$AD$7*O7+$AC$7 -> 832.53393 | ... AB7: =$AH$7*Q7^5+$AG$7*Q7^4+$AF$7*Q7^3+$AE$7*Q7^2+$AD$7*Q7+$AC$7 -> 838.40803 | AC7: 1710.15 | AD7: =-0.931423 -> -0.931423 | AE7: 0.00161641 | AF7: =-0.00000166008 -> -1.66008e-06 | AG7: 7.73346e-10 | AH7: =-0.000000000000135976 -> -1.35976e-13
F8: mil - 4 Ringe | G8: 4 | H8: =Koordinaten!$E$14 -> 2304.3654 | I8: =Tabelle1!$AY$4 -> 2300.5434 | J8: =Tabelle1!$BF$4 -> 2296.8892 | K8: =Tabelle1!$BM$4 -> 2293.4036 | L8: =Tabelle1!$BT$4 -> 2290.0873 | M8: =Tabelle1!$CA$4 -> 2286.9412 | N8: =Tabelle1!$CH$4 -> 2283.9658 | O8: =Tabelle1!$CO$4 -> 2281.162 | P8: =Tabelle1!$CV$4 -> 2278.5302 | Q8: =Tabelle1!$DC$4 -> 2276.0712 | R8: =IF(H8>2900, "n.M.",S8) -> 1134.6016 | S8: =$AH$8*H8^5+$AG$8*H8^4+$AF$8*H8^3+$AE$8*H8^2+$AD$8*H8+$AC$8 -> 1134.6016 | T8: =$AH$8*I8^5+$AG$8*I8^4+$AF$8*I8^3+$AE$8*I8^2+$AD$8*I8+$AC$8 -> 1135.6959 | U8: =$AH$8*J8^5+$AG$8*J8^4+$AF$8*J8^3+$AE$8*J8^2+$AD$8*J8+$AC$8 -> 1136.7386 | V8: =$AH$8*K8^5+$AG$8*K8^4+$AF$8*K8^3+$AE$8*K8^2+$AD$8*K8+$AC$8 -> 1137.73 | W8: =$AH$8*L8^5+$AG$8*L8^4+$AF$8*L8^3+$AE$8*L8^2+$AD$8*L8+$AC$8 -> 1138.6704 | X8: =$AH$8*M8^5+$AG$8*M8^4+$AF$8*M8^3+$AE$8*M8^2+$AD$8*M8+$AC$8 -> 1139.56 | Y8: =$AH$8*N8^5+$AG$8*N8^4+$AF$8*N8^3+$AE$8*N8^2+$AD$8*N8+$AC$8 -> 1140.3991 | Z8: =$AH$8*O8^5+$AG$8*O8^4+$AF$8*O8^3+$AE$8*O8^2+$AD$8*O8+$AC$8 -> 1141.1878 | ... AB8: =$AH$8*Q8^5+$AG$8*Q8^4+$AF$8*Q8^3+$AE$8*Q8^2+$AD$8*Q8+$AC$8 -> 1142.6151 | AC8: 1652.31 | AD8: =-0.430979 -> -0.430979 | AE8: 0.000459345 | AF8: =-0.000000374758 -> -3.74758e-07 | AG8: 1.38268e-10 | AH8: =-0.0000000000000196504 -> -1.96504e-14 | AN8: 3 | AO8: E | AP8: =Koordinaten!$E$5 -> 707 | AQ8: =Koordinaten!$E$6 -> 428 | AR8: =((Koordinaten!$D$5-AP8)^2+(Koordinaten!$D$6-AQ8)^2)^(1/2)*10 -> 2304.3654 | AS8: =VLOOKUP(Koordinaten!$E$12,Tabelle1!$G$4:$AB$8,13,FALSE) -> 1134.6016 | AT8: =IF((Koordinaten!$D$7-Koordinaten!$E$7)>0,AS8+Koordinaten!$E$16,AS8-Koordinaten!$E$16) -> 1125.488 | AU8: =IF((Koordinaten!$F$6-AQ8)<0,IF((Koordinaten!$F$5-AP8)>0,360+(ATAN((Koordinaten!$F$5-AP8)/(Koordinaten!$F$6-AQ8))*180/PI()),IF((Koordinaten!$F$5-AP8)<0,0+(ATAN((Koordinaten!$F$5-AP8)/(Koordinaten!$F$6-AQ8))*180/PI()))),IF((Koordinaten!$F$5-AP8)<0,180+(ATAN((Koordinaten!$F$5-AP8)/(Koordinaten!$F$6-AQ8))*180/PI()),180+(ATAN((Koordinaten!$F$5-AP8)/(Koordinaten!$F$6-AQ8))*180/PI()))) -> 101.26117 | AV8: =AU8/360*6400 -> 1800.1986 | AW8: =AP8+2 -> 709 | AX8: =AQ8 -> 428 | AY8: =((Koordinaten!$D$5-AW8)^2+(Koordinaten!$D$6-AX8)^2)^(1/2)*10 -> 2323.9836 | AZ8: =VLOOKUP(Koordinaten!$E$12,Tabelle1!$G$4:$AB$8,14,FALSE) -> 1135.6959 | BA8: =IF((Koordinaten!$D$7-Koordinaten!$E$7)>0,AZ8+Koordinaten!$E$16,AZ8-Koordinaten!$E$16) -> 1126.5822 | BB8: =IF((Koordinaten!$F$6-AX8)<0,IF((Koordinaten!$F$5-AW8)>0,360+(ATAN((Koordinaten!$F$5-AW8)/(Koordinaten!$F$6-AX8))*180/PI()),IF((Koordinaten!$F$5-AW8)<0,0+(ATAN((Koordinaten!$F$5-AW8)/(Koordinaten!$F$6-AX8))*180/PI()))),IF((Koordinaten!$F$5-AW8)<0,180+(ATAN((Koordinaten!$F$5-AW8)/(Koordinaten!$F$6-AX8))*180/PI()),180+(ATAN((Koordinaten!$F$5-AW8)/(Koordinaten!$F$6-AX8))*180/PI()))) -> 101.16488 | BC8: =BB8/360*6400 -> 1798.4868 | BD8: =AW8+2 -> 711 | BE8: =AX8 -> 428 | BF8: =((Koordinaten!$D$5-BD8)^2+(Koordinaten!$D$6-BE8)^2)^(1/2)*10 -> 2343.6083 | BG8: =VLOOKUP(Koordinaten!$E$12,Tabelle1!$G$4:$AB$8,15,FALSE) -> 1136.7386 | BH8: =IF((Koordinaten!$D$7-Koordinaten!$E$7)>0,BG8+Koordinaten!$E$16,BG8-Koordinaten!$E$16) -> 1127.6249 | BI8: =IF((Koordinaten!$F$6-BE8)<0,IF((Koordinaten!$F$5-BD8)>0,360+(ATAN((Koordinaten!$F$5-BD8)/(Koordinaten!$F$6-BE8))*180/PI()),IF((Koordinaten!$F$5-BD8)<0,0+(ATAN((Koordinaten!$F$5-BD8)/(Koordinaten!$F$6-BE8))*180/PI()))),IF((Koordinaten!$F$5-BD8)<0,180+(ATAN((Koordinaten!$F$5-BD8)/(Koordinaten!$F$6-BE8))*180/PI()),180+(ATAN((Koordinaten!$F$5-BD8)/(Koordinaten!$F$6-BE8))*180/PI()))) -> 101.0702 | BJ8: =BI8/360*6400 -> 1796.8036 | BK8: =BD8+2 -> 713 | BL8: =BE8 -> 428 | BM8: =((Koordinaten!$D$5-BK8)^2+(Koordinaten!$D$6-BL8)^2)^(1/2)*10 -> 2363.2393 | BN8: =VLOOKUP(Koordinaten!$E$12,Tabelle1!$G$4:$AB$8,16,FALSE) -> 1137.73 | BO8: =IF((Koordinaten!$D$7-Koordinaten!$E$7)>0,BN8+Koordinaten!$E$16,BN8-Koordinaten!$E$16) -> 1128.6163 | BP8: =IF((Koordinaten!$F$6-BL8)<0,IF((Koordinaten!$F$5-BK8)>0,360+(ATAN((Koordinaten!$F$5-BK8)/(Koordinaten!$F$6-BL8))*180/PI()),IF((Koordinaten!$F$5-BK8)<0,0+(ATAN((Koordinaten!$F$5-BK8)/(Koordinaten!$F$6-BL8))*180/PI()))),IF((Koordinaten!$F$5-BK8)<0,180+(ATAN((Koordinaten!$F$5-BK8)/(Koordinaten!$F$6-BL8))*180/PI()),180+(ATAN((Koordinaten!$F$5-BK8)/(Koordinaten!$F$6-BL8))*180/PI()))) -> 100.9771 | BQ8: =BP8/360*6400 -> 1795.1484 | BR8: =BK8+2 -> 715 | BS8: =BL8 -> 428 | BT8: =((Koordinaten!$D$5-BR8)^2+(Koordinaten!$D$6-BS8)^2)^(1/2)*10 -> 2382.8764 | BU8: =VLOOKUP(Koordinaten!$E$12,Tabelle1!$G$4:$AB$8,17,FALSE) -> 1138.6704 | BV8: =IF((Koordinaten!$D$7-Koordinaten!$E$7)>0,BU8+Koordinaten!$E$16,BU8-Koordinaten!$E$16) -> 1129.5567 | BW8: =IF((Koordinaten!$F$6-BS8)<0,IF((Koordinaten!$F$5-BR8)>0,360+(ATAN((Koordinaten!$F$5-BR8)/(Koordinaten!$F$6-BS8))*180/PI()),IF((Koordinaten!$F$5-BR8)<0,0+(ATAN((Koordinaten!$F$5-BR8)/(Koordinaten!$F$6-BS8))*180/PI()))),IF((Koordinaten!$F$5-BR8)<0,180+(ATAN((Koordinaten!$F$5-BR8)/(Koordinaten!$F$6-BS8))*180/PI()),180+(ATAN((Koordinaten!$F$5-BR8)/(Koordinaten!$F$6-BS8))*180/PI()))) -> 100.88553 | BX8: =BW8/360*6400 -> 1793.5205 | BY8: =BR8+2 -> 717 | BZ8: =BS8 -> 428 | CA8: =((Koordinaten!$D$5-BY8)^2+(Koordinaten!$D$6-BZ8)^2)^(1/2)*10 -> 2402.5195 | CB8: =VLOOKUP(Koordinaten!$E$12,Tabelle1!$G$4:$AB$8,18,FALSE) -> 1139.56 | CC8: =IF((Koordinaten!$D$7-Koordinaten!$E$7)>0,CB8+Koordinaten!$E$16,CB8-Koordinaten!$E$16) -> 1130.4463 | CD8: =IF((Koordinaten!$F$6-BZ8)<0,IF((Koordinaten!$F$5-BY8)>0,360+(ATAN((Koordinaten!$F$5-BY8)/(Koordinaten!$F$6-BZ8))*180/PI()),IF((Koordinaten!$F$5-BY8)<0,0+(ATAN((Koordinaten!$F$5-BY8)/(Koordinaten!$F$6-BZ8))*180/PI()))),IF((Koordinaten!$F$5-BY8)<0,180+(ATAN((Koordinaten!$F$5-BY8)/(Koordinaten!$F$6-BZ8))*180/PI()),180+(ATAN((Koordinaten!$F$5-BY8)/(Koordinaten!$F$6-BZ8))*180/PI()))) -> 100.79545 | CE8: =CD8/360*6400 -> 1791.9192 | CF8: =BY8+2 -> 719 | CG8: =BZ8 -> 428 | CH8: =((Koordinaten!$D$5-CF8)^2+(Koordinaten!$D$6-CG8)^2)^(1/2)*10 -> 2422.1684 | CI8: =VLOOKUP(Koordinaten!$E$12,Tabelle1!$G$4:$AB$8,19,FALSE) -> 1140.3991 | CJ8: =IF((Koordinaten!$D$7-Koordinaten!$E$7)>0,CI8+Koordinaten!$E$16,CI8-Koordinaten!$E$16) -> 1131.2854 | CK8: =IF((Koordinaten!$F$6-CG8)<0,IF((Koordinaten!$F$5-CF8)>0,360+(ATAN((Koordinaten!$F$5-CF8)/(Koordinaten!$F$6-CG8))*180/PI()),IF((Koordinaten!$F$5-CF8)<0,0+(ATAN((Koordinaten!$F$5-CF8)/(Koordinaten!$F$6-CG8))*180/PI()))),IF((Koordinaten!$F$5-CF8)<0,180+(ATAN((Koordinaten!$F$5-CF8)/(Koordinaten!$F$6-CG8))*180/PI()),180+(ATAN((Koordinaten!$F$5-CF8)/(Koordinaten!$F$6-CG8))*180/PI()))) -> 100.70684 | CL8: =CK8/360*6400 -> 1790.3438 | CM8: =CF8+2 -> 721 | CN8: =CG8 -> 428 | CO8: =((Koordinaten!$D$5-CM8)^2+(Koordinaten!$D$6-CN8)^2)^(1/2)*10 -> 2441.8231 | CP8: =VLOOKUP(Koordinaten!$E$12,Tabelle1!$G$4:$AB$8,20,FALSE) -> 1141.1878 | CQ8: =IF((Koordinaten!$D$7-Koordinaten!$E$7)>0,CP8+Koordinaten!$E$16,CP8-Koordinaten!$E$16) -> 1132.0742 | CR8: =IF((Koordinaten!$F$6-CN8)<0,IF((Koordinaten!$F$5-CM8)>0,360+(ATAN((Koordinaten!$F$5-CM8)/(Koordinaten!$F$6-CN8))*180/PI()),IF((Koordinaten!$F$5-CM8)<0,0+(ATAN((Koordinaten!$F$5-CM8)/(Koordinaten!$F$6-CN8))*180/PI()))),IF((Koordinaten!$F$5-CM8)<0,180+(ATAN((Koordinaten!$F$5-CM8)/(Koordinaten!$F$6-CN8))*180/PI()),180+(ATAN((Koordinaten!$F$5-CM8)/(Koordinaten!$F$6-CN8))*180/PI()))) -> 100.61966 | CS8: =CR8/360*6400 -> 1788.7939 | CT8: =CM8+2 -> 723 | CU8: =CN8 -> 428 | CV8: =((Koordinaten!$D$5-CT8)^2+(Koordinaten!$D$6-CU8)^2)^(1/2)*10 -> 2461.4833 | CW8: =VLOOKUP(Koordinaten!$E$12,Tabelle1!$G$4:$AB$8,21,FALSE) -> 1141.9264 | CX8: =IF((Koordinaten!$D$7-Koordinaten!$E$7)>0,CW8+Koordinaten!$E$16,CW8-Koordinaten!$E$16) -> 1132.8128 | CY8: =IF((Koordinaten!$F$6-CU8)<0,IF((Koordinaten!$F$5-CT8)>0,360+(ATAN((Koordinaten!$F$5-CT8)/(Koordinaten!$F$6-CU8))*180/PI()),IF((Koordinaten!$F$5-CT8)<0,0+(ATAN((Koordinaten!$F$5-CT8)/(Koordinaten!$F$6-CU8))*180/PI()))),IF((Koordinaten!$F$5-CT8)<0,180+(ATAN((Koordinaten!$F$5-CT8)/(Koordinaten!$F$6-CU8))*180/PI()),180+(ATAN((Koordinaten!$F$5-CT8)/(Koordinaten!$F$6-CU8))*180/PI()))) -> 100.53386 | CZ8: =CY8/360*6400 -> 1787.2687 | DA8: =CT8+2 -> 725 | DB8: =CU8 -> 428 | DC8: =((Koordinaten!$D$5-DA8)^2+(Koordinaten!$D$6-DB8)^2)^(1/2)*10 -> 2481.1489 | DD8: =VLOOKUP(Koordinaten!$E$12,Tabelle1!$G$4:$AB$8,22,FALSE) -> 1142.6151 | DE8: =IF((Koordinaten!$D$7-Koordinaten!$E$7)>0,DD8+Koordinaten!$E$16,DD8-Koordinaten!$E$16) -> 1133.5014 | DF8: =IF((Koordinaten!$F$6-DB8)<0,IF((Koordinaten!$F$5-DA8)>0,360+(ATAN((Koordinaten!$F$5-DA8)/(Koordinaten!$F$6-DB8))*180/PI()),IF((Koordinaten!$F$5-DA8)<0,0+(ATAN((Koordinaten!$F$5-DA8)/(Koordinaten!$F$6-DB8))*180/PI()))),IF((Koordinaten!$F$5-DA8)<0,180+(ATAN((Koordinaten!$F$5-DA8)/(Koordinaten!$F$6-DB8))*180/PI()),180+(ATAN((Koordinaten!$F$5-DA8)/(Koordinaten!$F$6-DB8))*180/PI()))) -> 100.44943 | DG8: =DF8/360*6400 -> 1785.7676
I10: Polynome Delta ELEV Höhe | AN10: 4 | AO10: SE | AP10: =Koordinaten!$E$5 -> 707 | AQ10: =Koordinaten!$E$6 -> 428 | AR10: =((Koordinaten!$D$5-AP10)^2+(Koordinaten!$D$6-AQ10)^2)^(1/2)*10 -> 2304.3654 | AS10: =VLOOKUP(Koordinaten!$E$12,Tabelle1!$G$4:$AB$8,13,FALSE) -> 1134.6016 | AT10: =IF((Koordinaten!$D$7-Koordinaten!$E$7)>0,AS10+Koordinaten!$E$16,AS10-Koordinaten!$E$16) -> 1125.488 | AU10: =IF((Koordinaten!$F$6-AQ10)<0,IF((Koordinaten!$F$5-AP10)>0,360+(ATAN((Koordinaten!$F$5-AP10)/(Koordinaten!$F$6-AQ10))*180/PI()),IF((Koordinaten!$F$5-AP10)<0,0+(ATAN((Koordinaten!$F$5-AP10)/(Koordinaten!$F$6-AQ10))*180/PI()))),IF((Koordinaten!$F$5-AP10)<0,180+(ATAN((Koordinaten!$F$5-AP10)/(Koordinaten!$F$6-AQ10))*180/PI()),180+(ATAN((Koordinaten!$F$5-AP10)/(Koordinaten!$F$6-AQ10))*180/PI()))) -> 101.26117 | AV10: =AU10/360*6400 -> 1800.1986 | AW10: =AP10+1.414 -> 708.414 | AX10: =AQ10-1.414 -> 426.586 | AY10: =((Koordinaten!$D$5-AW10)^2+(Koordinaten!$D$6-AX10)^2)^(1/2)*10 -> 2321.021 | AZ10: =VLOOKUP(Koordinaten!$E$12,Tabelle1!$G$4:$AB$8,14,FALSE) -> 1135.6959 | BA10: =IF((Koordinaten!$D$7-Koordinaten!$E$7)>0,AZ10+Koordinaten!$E$16,AZ10-Koordinaten!$E$16) -> 1126.5822 | BB10: =IF((Koordinaten!$F$6-AX10)<0,IF((Koordinaten!$F$5-AW10)>0,360+(ATAN((Koordinaten!$F$5-AW10)/(Koordinaten!$F$6-AX10))*180/PI()),IF((Koordinaten!$F$5-AW10)<0,0+(ATAN((Koordinaten!$F$5-AW10)/(Koordinaten!$F$6-AX10))*180/PI()))),IF((Koordinaten!$F$5-AW10)<0,180+(ATAN((Koordinaten!$F$5-AW10)/(Koordinaten!$F$6-AX10))*180/PI()),180+(ATAN((Koordinaten!$F$5-AW10)/(Koordinaten!$F$6-AX10))*180/PI()))) -> 101.53534 | BC10: =BB10/360*6400 -> 1805.0727 | BD10: =AW10+1.414 -> 709.828 | BE10: =AX10-1.414 -> 425.172 | BF10: =((Koordinaten!$D$5-BD10)^2+(Koordinaten!$D$6-BE10)^2)^(1/2)*10 -> 2337.7291 | BG10: =VLOOKUP(Koordinaten!$E$12,Tabelle1!$G$4:$AB$8,15,FALSE) -> 1136.7386 | BH10: =IF((Koordinaten!$D$7-Koordinaten!$E$7)>0,BG10+Koordinaten!$E$16,BG10-Koordinaten!$E$16) -> 1127.6249 | BI10: =IF((Koordinaten!$F$6-BE10)<0,IF((Koordinaten!$F$5-BD10)>0,360+(ATAN((Koordinaten!$F$5-BD10)/(Koordinaten!$F$6-BE10))*180/PI()),IF((Koordinaten!$F$5-BD10)<0,0+(ATAN((Koordinaten!$F$5-BD10)/(Koordinaten!$F$6-BE10))*180/PI()))),IF((Koordinaten!$F$5-BD10)<0,180+(ATAN((Koordinaten!$F$5-BD10)/(Koordinaten!$F$6-BE10))*180/PI()),180+(ATAN((Koordinaten!$F$5-BD10)/(Koordinaten!$F$6-BE10))*180/PI()))) -> 101.8056 | BJ10: =BI10/360*6400 -> 1809.8773 | BK10: =BD10+1.414 -> 711.242 | BL10: =BE10-1.414 -> 423.758 | BM10: =((Koordinaten!$D$5-BK10)^2+(Koordinaten!$D$6-BL10)^2)^(1/2)*10 -> 2354.4883 | BN10: =VLOOKUP(Koordinaten!$E$12,Tabelle1!$G$4:$AB$8,16,FALSE) -> 1137.73 | BO10: =IF((Koordinaten!$D$7-Koordinaten!$E$7)>0,BN10+Koordinaten!$E$16,BN10-Koordinaten!$E$16) -> 1128.6163 | BP10: =IF((Koordinaten!$F$6-BL10)<0,IF((Koordinaten!$F$5-BK10)>0,360+(ATAN((Koordinaten!$F$5-BK10)/(Koordinaten!$F$6-BL10))*180/PI()),IF((Koordinaten!$F$5-BK10)<0,0+(ATAN((Koordinaten!$F$5-BK10)/(Koordinaten!$F$6-BL10))*180/PI()))),IF((Koordinaten!$F$5-BK10)<0,180+(ATAN((Koordinaten!$F$5-BK10)/(Koordinaten!$F$6-BL10))*180/PI()),180+(ATAN((Koordinaten!$F$5-BK10)/(Koordinaten!$F$6-BL10))*180/PI()))) -> 102.07202 | BQ10: =BP10/360*6400 -> 1814.6136 | BR10: =BK10+1.414 -> 712.656 | BS10: =BL10-1.414 -> 422.344 | BT10: =((Koordinaten!$D$5-BR10)^2+(Koordinaten!$D$6-BS10)^2)^(1/2)*10 -> 2371.2978 | BU10: =VLOOKUP(Koordinaten!$E$12,Tabelle1!$G$4:$AB$8,17,FALSE) -> 1138.6704 | BV10: =IF((Koordinaten!$D$7-Koordinaten!$E$7)>0,BU10+Koordinaten!$E$16,BU10-Koordinaten!$E$16) -> 1129.5567 | BW10: =IF((Koordinaten!$F$6-BS10)<0,IF((Koordinaten!$F$5-BR10)>0,360+(ATAN((Koordinaten!$F$5-BR10)/(Koordinaten!$F$6-BS10))*180/PI()),IF((Koordinaten!$F$5-BR10)<0,0+(ATAN((Koordinaten!$F$5-BR10)/(Koordinaten!$F$6-BS10))*180/PI()))),IF((Koordinaten!$F$5-BR10)<0,180+(ATAN((Koordinaten!$F$5-BR10)/(Koordinaten!$F$6-BS10))*180/PI()),180+(ATAN((Koordinaten!$F$5-BR10)/(Koordinaten!$F$6-BS10))*180/PI()))) -> 102.33466 | BX10: =BW10/360*6400 -> 1819.2829 | BY10: =BR10+1.414 -> 714.07 | BZ10: =BS10-1.414 -> 420.93 | CA10: =((Koordinaten!$D$5-BY10)^2+(Koordinaten!$D$6-BZ10)^2)^(1/2)*10 -> 2388.1564 | CB10: =VLOOKUP(Koordinaten!$E$12,Tabelle1!$G$4:$AB$8,18,FALSE) -> 1139.56 | CC10: =IF((Koordinaten!$D$7-Koordinaten!$E$7)>0,CB10+Koordinaten!$E$16,CB10-Koordinaten!$E$16) -> 1130.4463 | CD10: =IF((Koordinaten!$F$6-BZ10)<0,IF((Koordinaten!$F$5-BY10)>0,360+(ATAN((Koordinaten!$F$5-BY10)/(Koordinaten!$F$6-BZ10))*180/PI()),IF((Koordinaten!$F$5-BY10)<0,0+(ATAN((Koordinaten!$F$5-BY10)/(Koordinaten!$F$6-BZ10))*180/PI()))),IF((Koordinaten!$F$5-BY10)<0,180+(ATAN((Koordinaten!$F$5-BY10)/(Koordinaten!$F$6-BZ10))*180/PI()),180+(ATAN((Koordinaten!$F$5-BY10)/(Koordinaten!$F$6-BZ10))*180/PI()))) -> 102.5936 | CE10: =CD10/360*6400 -> 1823.8863 | CF10: =BY10+1.414 -> 715.484 | CG10: =BZ10-1.414 -> 419.516 | CH10: =((Koordinaten!$D$5-CF10)^2+(Koordinaten!$D$6-CG10)^2)^(1/2)*10 -> 2405.0631 | CI10: =VLOOKUP(Koordinaten!$E$12,Tabelle1!$G$4:$AB$8,19,FALSE) -> 1140.3991 | CJ10: =IF((Koordinaten!$D$7-Koordinaten!$E$7)>0,CI10+Koordinaten!$E$16,CI10-Koordinaten!$E$16) -> 1131.2854 | CK10: =IF((Koordinaten!$F$6-CG10)<0,IF((Koordinaten!$F$5-CF10)>0,360+(ATAN((Koordinaten!$F$5-CF10)/(Koordinaten!$F$6-CG10))*180/PI()),IF((Koordinaten!$F$5-CF10)<0,0+(ATAN((Koordinaten!$F$5-CF10)/(Koordinaten!$F$6-CG10))*180/PI()))),IF((Koordinaten!$F$5-CF10)<0,180+(ATAN((Koordinaten!$F$5-CF10)/(Koordinaten!$F$6-CG10))*180/PI()),180+(ATAN((Koordinaten!$F$5-CF10)/(Koordinaten!$F$6-CG10))*180/PI()))) -> 102.84891 | CL10: =CK10/360*6400 -> 1828.4251 | CM10: =CF10+1.414 -> 716.898 | CN10: =CG10-1.414 -> 418.102 | CO10: =((Koordinaten!$D$5-CM10)^2+(Koordinaten!$D$6-CN10)^2)^(1/2)*10 -> 2422.0169 | CP10: =VLOOKUP(Koordinaten!$E$12,Tabelle1!$G$4:$AB$8,20,FALSE) -> 1141.1878 | CQ10: =IF((Koordinaten!$D$7-Koordinaten!$E$7)>0,CP10+Koordinaten!$E$16,CP10-Koordinaten!$E$16) -> 1132.0742 | CR10: =IF((Koordinaten!$F$6-CN10)<0,IF((Koordinaten!$F$5-CM10)>0,360+(ATAN((Koordinaten!$F$5-CM10)/(Koordinaten!$F$6-CN10))*180/PI()),IF((Koordinaten!$F$5-CM10)<0,0+(ATAN((Koordinaten!$F$5-CM10)/(Koordinaten!$F$6-CN10))*180/PI()))),IF((Koordinaten!$F$5-CM10)<0,180+(ATAN((Koordinaten!$F$5-CM10)/(Koordinaten!$F$6-CN10))*180/PI()),180+(ATAN((Koordinaten!$F$5-CM10)/(Koordinaten!$F$6-CN10))*180/PI()))) -> 103.10065 | CS10: =CR10/360*6400 -> 1832.9004 | CT10: =CM10+1.414 -> 718.312 | CU10: =CN10-1.414 -> 416.688 | CV10: =((Koordinaten!$D$5-CT10)^2+(Koordinaten!$D$6-CU10)^2)^(1/2)*10 -> 2439.0167 | CW10: =VLOOKUP(Koordinaten!$E$12,Tabelle1!$G$4:$AB$8,21,FALSE) -> 1141.9264 | CX10: =IF((Koordinaten!$D$7-Koordinaten!$E$7)>0,CW10+Koordinaten!$E$16,CW10-Koordinaten!$E$16) -> 1132.8128 | CY10: =IF((Koordinaten!$F$6-CU10)<0,IF((Koordinaten!$F$5-CT10)>0,360+(ATAN((Koordinaten!$F$5-CT10)/(Koordinaten!$F$6-CU10))*180/PI()),IF((Koordinaten!$F$5-CT10)<0,0+(ATAN((Koordinaten!$F$5-CT10)/(Koordinaten!$F$6-CU10))*180/PI()))),IF((Koordinaten!$F$5-CT10)<0,180+(ATAN((Koordinaten!$F$5-CT10)/(Koordinaten!$F$6-CU10))*180/PI()),180+(ATAN((Koordinaten!$F$5-CT10)/(Koordinaten!$F$6-CU10))*180/PI()))) -> 103.34888 | CZ10: =CY10/360*6400 -> 1837.3135 | DA10: =CT10+1.414 -> 719.726 | DB10: =CU10-1.414 -> 415.274 | DC10: =((Koordinaten!$D$5-DA10)^2+(Koordinaten!$D$6-DB10)^2)^(1/2)*10 -> 2456.0618 | DD10: =VLOOKUP(Koordinaten!$E$12,Tabelle1!$G$4:$AB$8,22,FALSE) -> 1142.6151 | DE10: =IF((Koordinaten!$D$7-Koordinaten!$E$7)>0,DD10+Koordinaten!$E$16,DD10-Koordinaten!$E$16) -> 1133.5014 | DF10: =IF((Koordinaten!$F$6-DB10)<0,IF((Koordinaten!$F$5-DA10)>0,360+(ATAN((Koordinaten!$F$5-DA10)/(Koordinaten!$F$6-DB10))*180/PI()),IF((Koordinaten!$F$5-DA10)<0,0+(ATAN((Koordinaten!$F$5-DA10)/(Koordinaten!$F$6-DB10))*180/PI()))),IF((Koordinaten!$F$5-DA10)<0,180+(ATAN((Koordinaten!$F$5-DA10)/(Koordinaten!$F$6-DB10))*180/PI()),180+(ATAN((Koordinaten!$F$5-DA10)/(Koordinaten!$F$6-DB10))*180/PI()))) -> 103.59367 | DG10: =DF10/360*6400 -> 1841.6653
F11: mil - 0 Ringe | G11: 0 | H11: =IF(Koordinaten!$D$7-Koordinaten!$E$7<0,(Koordinaten!$D$7-Koordinaten!$E$7)*(-1),Koordinaten!$D$7-Koordinaten!$E$7) -> 50 | I11: =AH11*H11^5+AG11*H11^4+AF11*H11^3+AE11*H11^2+AD11*H11+AC11 -> 60.742047 | AC11: 60.0589 | AD11: =-0.0397207 -> -0.0397207 | AE11: 0.00152269 | AF11: =-0.0000102995 -> -1.02995e-05 | AG11: 2.39832e-08
F12: mil - 1 Ring | G12: 1 | H12: =IF(Koordinaten!$D$7-Koordinaten!$E$7<0,(Koordinaten!$D$7-Koordinaten!$E$7)*(-1),Koordinaten!$D$7-Koordinaten!$E$7) -> 50 | I12: =AH12*H12^5+AG12*H12^4+AF12*H12^3+AE12*H12^2+AD12*H12+AC12 -> 27.046923 | AC12: 27 | AD12: =-0.000694771 -> -0.000694771 | AE12: 3.33625e-05 | AF12: =-0.00000000956533 -> -9.56533e-09 | AG12: =-0.0000000000907787 -> -9.07787e-11 | AH12: 5.70939e-14 | AN12: 5 | AO12: S | AP12: =Koordinaten!$E$5 -> 707 | AQ12: =Koordinaten!$E$6 -> 428 | AR12: =((Koordinaten!$D$5-AP12)^2+(Koordinaten!$D$6-AQ12)^2)^(1/2)*10 -> 2304.3654 | AS12: =VLOOKUP(Koordinaten!$E$12,Tabelle1!$G$4:$AB$8,13,FALSE) -> 1134.6016 | AT12: =IF((Koordinaten!$D$7-Koordinaten!$E$7)>0,AS12+Koordinaten!$E$16,AS12-Koordinaten!$E$16) -> 1125.488 | AU12: =IF((Koordinaten!$F$6-AQ12)<0,IF((Koordinaten!$F$5-AP12)>0,360+(ATAN((Koordinaten!$F$5-AP12)/(Koordinaten!$F$6-AQ12))*180/PI()),IF((Koordinaten!$F$5-AP12)<0,0+(ATAN((Koordinaten!$F$5-AP12)/(Koordinaten!$F$6-AQ12))*180/PI()))),IF((Koordinaten!$F$5-AP12)<0,180+(ATAN((Koordinaten!$F$5-AP12)/(Koordinaten!$F$6-AQ12))*180/PI()),180+(ATAN((Koordinaten!$F$5-AP12)/(Koordinaten!$F$6-AQ12))*180/PI()))) -> 101.26117 | AV12: =AU12/360*6400 -> 1800.1986 | AW12: =AP12 -> 707 | AX12: =AQ12-2 -> 426 | AY12: =((Koordinaten!$D$5-AW12)^2+(Koordinaten!$D$6-AX12)^2)^(1/2)*10 -> 2308.3544 | AZ12: =VLOOKUP(Koordinaten!$E$12,Tabelle1!$G$4:$AB$8,14,FALSE) -> 1135.6959 | BA12: =IF((Koordinaten!$D$7-Koordinaten!$E$7)>0,AZ12+Koordinaten!$E$16,AZ12-Koordinaten!$E$16) -> 1126.5822 | BB12: =IF((Koordinaten!$F$6-AX12)<0,IF((Koordinaten!$F$5-AW12)>0,360+(ATAN((Koordinaten!$F$5-AW12)/(Koordinaten!$F$6-AX12))*180/PI()),IF((Koordinaten!$F$5-AW12)<0,0+(ATAN((Koordinaten!$F$5-AW12)/(Koordinaten!$F$6-AX12))*180/PI()))),IF((Koordinaten!$F$5-AW12)<0,180+(ATAN((Koordinaten!$F$5-AW12)/(Koordinaten!$F$6-AX12))*180/PI()),180+(ATAN((Koordinaten!$F$5-AW12)/(Koordinaten!$F$6-AX12))*180/PI()))) -> 101.74804 | BC12: =BB12/360*6400 -> 1808.854 | BD12: =AW12 -> 707 | BE12: =AX12-2 -> 424 | BF12: =((Koordinaten!$D$5-BD12)^2+(Koordinaten!$D$6-BE12)^2)^(1/2)*10 -> 2312.5095 | BG12: =VLOOKUP(Koordinaten!$E$12,Tabelle1!$G$4:$AB$8,15,FALSE) -> 1136.7386 | BH12: =IF((Koordinaten!$D$7-Koordinaten!$E$7)>0,BG12+Koordinaten!$E$16,BG12-Koordinaten!$E$16) -> 1127.6249 | BI12: =IF((Koordinaten!$F$6-BE12)<0,IF((Koordinaten!$F$5-BD12)>0,360+(ATAN((Koordinaten!$F$5-BD12)/(Koordinaten!$F$6-BE12))*180/PI()),IF((Koordinaten!$F$5-BD12)<0,0+(ATAN((Koordinaten!$F$5-BD12)/(Koordinaten!$F$6-BE12))*180/PI()))),IF((Koordinaten!$F$5-BD12)<0,180+(ATAN((Koordinaten!$F$5-BD12)/(Koordinaten!$F$6-BE12))*180/PI()),180+(ATAN((Koordinaten!$F$5-BD12)/(Koordinaten!$F$6-BE12))*180/PI()))) -> 102.23319 | BJ12: =BI12/360*6400 -> 1817.479 | BK12: =BD12 -> 707 | BL12: =BE12-2 -> 422 | BM12: =((Koordinaten!$D$5-BK12)^2+(Koordinaten!$D$6-BL12)^2)^(1/2)*10 -> 2316.8297 | BN12: =VLOOKUP(Koordinaten!$E$12,Tabelle1!$G$4:$AB$8,16,FALSE) -> 1137.73 | BO12: =IF((Koordinaten!$D$7-Koordinaten!$E$7)>0,BN12+Koordinaten!$E$16,BN12-Koordinaten!$E$16) -> 1128.6163 | BP12: =IF((Koordinaten!$F$6-BL12)<0,IF((Koordinaten!$F$5-BK12)>0,360+(ATAN((Koordinaten!$F$5-BK12)/(Koordinaten!$F$6-BL12))*180/PI()),IF((Koordinaten!$F$5-BK12)<0,0+(ATAN((Koordinaten!$F$5-BK12)/(Koordinaten!$F$6-BL12))*180/PI()))),IF((Koordinaten!$F$5-BK12)<0,180+(ATAN((Koordinaten!$F$5-BK12)/(Koordinaten!$F$6-BL12))*180/PI()),180+(ATAN((Koordinaten!$F$5-BK12)/(Koordinaten!$F$6-BL12))*180/PI()))) -> 102.71657 | BQ12: =BP12/360*6400 -> 1826.0724 | BR12: =BK12 -> 707 | BS12: =BL12-2 -> 420 | BT12: =((Koordinaten!$D$5-BR12)^2+(Koordinaten!$D$6-BS12)^2)^(1/2)*10 -> 2321.3143 | BU12: =VLOOKUP(Koordinaten!$E$12,Tabelle1!$G$4:$AB$8,17,FALSE) -> 1138.6704 | BV12: =IF((Koordinaten!$D$7-Koordinaten!$E$7)>0,BU12+Koordinaten!$E$16,BU12-Koordinaten!$E$16) -> 1129.5567 | BW12: =IF((Koordinaten!$F$6-BS12)<0,IF((Koordinaten!$F$5-BR12)>0,360+(ATAN((Koordinaten!$F$5-BR12)/(Koordinaten!$F$6-BS12))*180/PI()),IF((Koordinaten!$F$5-BR12)<0,0+(ATAN((Koordinaten!$F$5-BR12)/(Koordinaten!$F$6-BS12))*180/PI()))),IF((Koordinaten!$F$5-BR12)<0,180+(ATAN((Koordinaten!$F$5-BR12)/(Koordinaten!$F$6-BS12))*180/PI()),180+(ATAN((Koordinaten!$F$5-BR12)/(Koordinaten!$F$6-BS12))*180/PI()))) -> 103.19812 | BX12: =BW12/360*6400 -> 1834.6333 | BY12: =BR12 -> 707 | BZ12: =BS12-2 -> 418 | CA12: =((Koordinaten!$D$5-BY12)^2+(Koordinaten!$D$6-BZ12)^2)^(1/2)*10 -> 2325.9622 | CB12: =VLOOKUP(Koordinaten!$E$12,Tabelle1!$G$4:$AB$8,18,FALSE) -> 1139.56 | CC12: =IF((Koordinaten!$D$7-Koordinaten!$E$7)>0,CB12+Koordinaten!$E$16,CB12-Koordinaten!$E$16) -> 1130.4463 | CD12: =IF((Koordinaten!$F$6-BZ12)<0,IF((Koordinaten!$F$5-BY12)>0,360+(ATAN((Koordinaten!$F$5-BY12)/(Koordinaten!$F$6-BZ12))*180/PI()),IF((Koordinaten!$F$5-BY12)<0,0+(ATAN((Koordinaten!$F$5-BY12)/(Koordinaten!$F$6-BZ12))*180/PI()))),IF((Koordinaten!$F$5-BY12)<0,180+(ATAN((Koordinaten!$F$5-BY12)/(Koordinaten!$F$6-BZ12))*180/PI()),180+(ATAN((Koordinaten!$F$5-BY12)/(Koordinaten!$F$6-BZ12))*180/PI()))) -> 103.67778 | CE12: =CD12/360*6400 -> 1843.1605 | CF12: =BY12 -> 707 | CG12: =BZ12-2 -> 416 | CH12: =((Koordinaten!$D$5-CF12)^2+(Koordinaten!$D$6-CG12)^2)^(1/2)*10 -> 2330.7724 | CI12: =VLOOKUP(Koordinaten!$E$12,Tabelle1!$G$4:$AB$8,19,FALSE) -> 1140.3991 | CJ12: =IF((Koordinaten!$D$7-Koordinaten!$E$7)>0,CI12+Koordinaten!$E$16,CI12-Koordinaten!$E$16) -> 1131.2854 | CK12: =IF((Koordinaten!$F$6-CG12)<0,IF((Koordinaten!$F$5-CF12)>0,360+(ATAN((Koordinaten!$F$5-CF12)/(Koordinaten!$F$6-CG12))*180/PI()),IF((Koordinaten!$F$5-CF12)<0,0+(ATAN((Koordinaten!$F$5-CF12)/(Koordinaten!$F$6-CG12))*180/PI()))),IF((Koordinaten!$F$5-CF12)<0,180+(ATAN((Koordinaten!$F$5-CF12)/(Koordinaten!$F$6-CG12))*180/PI()),180+(ATAN((Koordinaten!$F$5-CF12)/(Koordinaten!$F$6-CG12))*180/PI()))) -> 104.15549 | CL12: =CK12/360*6400 -> 1851.6531 | CM12: =CF12 -> 707 | CN12: =CG12-2 -> 414 | CO12: =((Koordinaten!$D$5-CM12)^2+(Koordinaten!$D$6-CN12)^2)^(1/2)*10 -> 2335.744 | CP12: =VLOOKUP(Koordinaten!$E$12,Tabelle1!$G$4:$AB$8,20,FALSE) -> 1141.1878 | CQ12: =IF((Koordinaten!$D$7-Koordinaten!$E$7)>0,CP12+Koordinaten!$E$16,CP12-Koordinaten!$E$16) -> 1132.0742 | CR12: =IF((Koordinaten!$F$6-CN12)<0,IF((Koordinaten!$F$5-CM12)>0,360+(ATAN((Koordinaten!$F$5-CM12)/(Koordinaten!$F$6-CN12))*180/PI()),IF((Koordinaten!$F$5-CM12)<0,0+(ATAN((Koordinaten!$F$5-CM12)/(Koordinaten!$F$6-CN12))*180/PI()))),IF((Koordinaten!$F$5-CM12)<0,180+(ATAN((Koordinaten!$F$5-CM12)/(Koordinaten!$F$6-CN12))*180/PI()),180+(ATAN((Koordinaten!$F$5-CM12)/(Koordinaten!$F$6-CN12))*180/PI()))) -> 104.63119 | CS12: =CR12/360*6400 -> 1860.1101 | CT12: =CM12 -> 707 | CU12: =CN12-2 -> 412 | CV12: =((Koordinaten!$D$5-CT12)^2+(Koordinaten!$D$6-CU12)^2)^(1/2)*10 -> 2340.8759 | CW12: =VLOOKUP(Koordinaten!$E$12,Tabelle1!$G$4:$AB$8,21,FALSE) -> 1141.9264 | CX12: =IF((Koordinaten!$D$7-Koordinaten!$E$7)>0,CW12+Koordinaten!$E$16,CW12-Koordinaten!$E$16) -> 1132.8128 | CY12: =IF((Koordinaten!$F$6-CU12)<0,IF((Koordinaten!$F$5-CT12)>0,360+(ATAN((Koordinaten!$F$5-CT12)/(Koordinaten!$F$6-CU12))*180/PI()),IF((Koordinaten!$F$5-CT12)<0,0+(ATAN((Koordinaten!$F$5-CT12)/(Koordinaten!$F$6-CU12))*180/PI()))),IF((Koordinaten!$F$5-CT12)<0,180+(ATAN((Koordinaten!$F$5-CT12)/(Koordinaten!$F$6-CU12))*180/PI()),180+(ATAN((Koordinaten!$F$5-CT12)/(Koordinaten!$F$6-CU12))*180/PI()))) -> 105.10485 | CZ12: =CY12/360*6400 -> 1868.5307 | DA12: =CT12 -> 707 | DB12: =CU12-2 -> 410 | DC12: =((Koordinaten!$D$5-DA12)^2+(Koordinaten!$D$6-DB12)^2)^(1/2)*10 -> 2346.1671 | DD12: =VLOOKUP(Koordinaten!$E$12,Tabelle1!$G$4:$AB$8,22,FALSE) -> 1142.6151 | DE12: =IF((Koordinaten!$D$7-Koordinaten!$E$7)>0,DD12+Koordinaten!$E$16,DD12-Koordinaten!$E$16) -> 1133.5014 | DF12: =IF((Koordinaten!$F$6-DB12)<0,IF((Koordinaten!$F$5-DA12)>0,360+(ATAN((Koordinaten!$F$5-DA12)/(Koordinaten!$F$6-DB12))*180/PI()),IF((Koordinaten!$F$5-DA12)<0,0+(ATAN((Koordinaten!$F$5-DA12)/(Koordinaten!$F$6-DB12))*180/PI()))),IF((Koordinaten!$F$5-DA12)<0,180+(ATAN((Koordinaten!$F$5-DA12)/(Koordinaten!$F$6-DB12))*180/PI()),180+(ATAN((Koordinaten!$F$5-DA12)/(Koordinaten!$F$6-DB12))*180/PI()))) -> 105.5764 | DG12: =DF12/360*6400 -> 1876.9138
F13: mil - 2 Ringe | G13: 2 | H13: =IF(Koordinaten!$D$7-Koordinaten!$E$7<0,(Koordinaten!$D$7-Koordinaten!$E$7)*(-1),Koordinaten!$D$7-Koordinaten!$E$7) -> 50 | I13: =AH13*H13^5+AG13*H13^4+AF13*H13^3+AE13*H13^2+AD13*H13+AC13 -> 16.97044 | AC13: 17.7179 | AD13: =-0.0177179 -> -0.0177179 | AE13: 5.89459e-05 | AF13: =-0.0000000730769 -> -7.30769e-08 | AG13: 3.27635e-11
F14: mil - 3 Ringe | G14: 3 | H14: =IF(Koordinaten!$D$7-Koordinaten!$E$7<0,(Koordinaten!$D$7-Koordinaten!$E$7)*(-1),Koordinaten!$D$7-Koordinaten!$E$7) -> 50 | I14: =AH14*H14^5+AG14*H14^4+AF14*H14^3+AE14*H14^2+AD14*H14+AC14 -> 12.071724 | AC14: 12 | AD14: 0.00201227 | AE14: =-0.0000127727 -> -1.27727e-05 | AF14: 2.52365e-08 | AG14: =-0.0000000000181257 -> -1.81257e-11 | AH14: 4.64967e-15 | AN14: 6 | AO14: SW | AP14: =Koordinaten!$E$5 -> 707 | AQ14: =Koordinaten!$E$6 -> 428 | AR14: =((Koordinaten!$D$5-AP14)^2+(Koordinaten!$D$6-AQ14)^2)^(1/2)*10 -> 2304.3654 | AS14: =VLOOKUP(Koordinaten!$E$12,Tabelle1!$G$4:$AB$8,13,FALSE) -> 1134.6016 | AT14: =IF((Koordinaten!$D$7-Koordinaten!$E$7)>0,AS14+Koordinaten!$E$16,AS14-Koordinaten!$E$16) -> 1125.488 | AU14: =IF((Koordinaten!$F$6-AQ14)<0,IF((Koordinaten!$F$5-AP14)>0,360+(ATAN((Koordinaten!$F$5-AP14)/(Koordinaten!$F$6-AQ14))*180/PI()),IF((Koordinaten!$F$5-AP14)<0,0+(ATAN((Koordinaten!$F$5-AP14)/(Koordinaten!$F$6-AQ14))*180/PI()))),IF((Koordinaten!$F$5-AP14)<0,180+(ATAN((Koordinaten!$F$5-AP14)/(Koordinaten!$F$6-AQ14))*180/PI()),180+(ATAN((Koordinaten!$F$5-AP14)/(Koordinaten!$F$6-AQ14))*180/PI()))) -> 101.26117 | AV14: =AU14/360*6400 -> 1800.1986 | AW14: =AP14-1.414 -> 705.586 | AX14: =AQ14-1.414 -> 426.586 | AY14: =((Koordinaten!$D$5-AW14)^2+(Koordinaten!$D$6-AX14)^2)^(1/2)*10 -> 2293.3192 | AZ14: =VLOOKUP(Koordinaten!$E$12,Tabelle1!$G$4:$AB$8,14,FALSE) -> 1135.6959 | BA14: =IF((Koordinaten!$D$7-Koordinaten!$E$7)>0,AZ14+Koordinaten!$E$16,AZ14-Koordinaten!$E$16) -> 1126.5822 | BB14: =IF((Koordinaten!$F$6-AX14)<0,IF((Koordinaten!$F$5-AW14)>0,360+(ATAN((Koordinaten!$F$5-AW14)/(Koordinaten!$F$6-AX14))*180/PI()),IF((Koordinaten!$F$5-AW14)<0,0+(ATAN((Koordinaten!$F$5-AW14)/(Koordinaten!$F$6-AX14))*180/PI()))),IF((Koordinaten!$F$5-AW14)<0,180+(ATAN((Koordinaten!$F$5-AW14)/(Koordinaten!$F$6-AX14))*180/PI()),180+(ATAN((Koordinaten!$F$5-AW14)/(Koordinaten!$F$6-AX14))*180/PI()))) -> 101.67663 | BC14: =BB14/360*6400 -> 1807.5845 | BD14: =AW14-1.414 -> 704.172 | BE14: =AX14-1.414 -> 425.172 | BF14: =((Koordinaten!$D$5-BD14)^2+(Koordinaten!$D$6-BE14)^2)^(1/2)*10 -> 2282.3948 | BG14: =VLOOKUP(Koordinaten!$E$12,Tabelle1!$G$4:$AB$8,15,FALSE) -> 1136.7386 | BH14: =IF((Koordinaten!$D$7-Koordinaten!$E$7)>0,BG14+Koordinaten!$E$16,BG14-Koordinaten!$E$16) -> 1127.6249 | BI14: =IF((Koordinaten!$F$6-BE14)<0,IF((Koordinaten!$F$5-BD14)>0,360+(ATAN((Koordinaten!$F$5-BD14)/(Koordinaten!$F$6-BE14))*180/PI()),IF((Koordinaten!$F$5-BD14)<0,0+(ATAN((Koordinaten!$F$5-BD14)/(Koordinaten!$F$6-BE14))*180/PI()))),IF((Koordinaten!$F$5-BD14)<0,180+(ATAN((Koordinaten!$F$5-BD14)/(Koordinaten!$F$6-BE14))*180/PI()),180+(ATAN((Koordinaten!$F$5-BD14)/(Koordinaten!$F$6-BE14))*180/PI()))) -> 102.09609 | BJ14: =BI14/360*6400 -> 1815.0416 | BK14: =BD14-1.414 -> 702.758 | BL14: =BE14-1.414 -> 423.758 | BM14: =((Koordinaten!$D$5-BK14)^2+(Koordinaten!$D$6-BL14)^2)^(1/2)*10 -> 2271.5938 | BN14: =VLOOKUP(Koordinaten!$E$12,Tabelle1!$G$4:$AB$8,16,FALSE) -> 1137.73 | BO14: =IF((Koordinaten!$D$7-Koordinaten!$E$7)>0,BN14+Koordinaten!$E$16,BN14-Koordinaten!$E$16) -> 1128.6163 | BP14: =IF((Koordinaten!$F$6-BL14)<0,IF((Koordinaten!$F$5-BK14)>0,360+(ATAN((Koordinaten!$F$5-BK14)/(Koordinaten!$F$6-BL14))*180/PI()),IF((Koordinaten!$F$5-BK14)<0,0+(ATAN((Koordinaten!$F$5-BK14)/(Koordinaten!$F$6-BL14))*180/PI()))),IF((Koordinaten!$F$5-BK14)<0,180+(ATAN((Koordinaten!$F$5-BK14)/(Koordinaten!$F$6-BL14))*180/PI()),180+(ATAN((Koordinaten!$F$5-BK14)/(Koordinaten!$F$6-BL14))*180/PI()))) -> 102.51956 | BQ14: =BP14/360*6400 -> 1822.57 | BR14: =BK14-1.414 -> 701.344 | BS14: =BL14-1.414 -> 422.344 | BT14: =((Koordinaten!$D$5-BR14)^2+(Koordinaten!$D$6-BS14)^2)^(1/2)*10 -> 2260.9181 | BU14: =VLOOKUP(Koordinaten!$E$12,Tabelle1!$G$4:$AB$8,17,FALSE) -> 1138.6704 | BV14: =IF((Koordinaten!$D$7-Koordinaten!$E$7)>0,BU14+Koordinaten!$E$16,BU14-Koordinaten!$E$16) -> 1129.5567 | BW14: =IF((Koordinaten!$F$6-BS14)<0,IF((Koordinaten!$F$5-BR14)>0,360+(ATAN((Koordinaten!$F$5-BR14)/(Koordinaten!$F$6-BS14))*180/PI()),IF((Koordinaten!$F$5-BR14)<0,0+(ATAN((Koordinaten!$F$5-BR14)/(Koordinaten!$F$6-BS14))*180/PI()))),IF((Koordinaten!$F$5-BR14)<0,180+(ATAN((Koordinaten!$F$5-BR14)/(Koordinaten!$F$6-BS14))*180/PI()),180+(ATAN((Koordinaten!$F$5-BR14)/(Koordinaten!$F$6-BS14))*180/PI()))) -> 102.94705 | BX14: =BW14/360*6400 -> 1830.1699 | BY14: =BR14-1.414 -> 699.93 | BZ14: =BS14-1.414 -> 420.93 | CA14: =((Koordinaten!$D$5-BY14)^2+(Koordinaten!$D$6-BZ14)^2)^(1/2)*10 -> 2250.3695 | CB14: =VLOOKUP(Koordinaten!$E$12,Tabelle1!$G$4:$AB$8,18,FALSE) -> 1139.56 | CC14: =IF((Koordinaten!$D$7-Koordinaten!$E$7)>0,CB14+Koordinaten!$E$16,CB14-Koordinaten!$E$16) -> 1130.4463 | CD14: =IF((Koordinaten!$F$6-BZ14)<0,IF((Koordinaten!$F$5-BY14)>0,360+(ATAN((Koordinaten!$F$5-BY14)/(Koordinaten!$F$6-BZ14))*180/PI()),IF((Koordinaten!$F$5-BY14)<0,0+(ATAN((Koordinaten!$F$5-BY14)/(Koordinaten!$F$6-BZ14))*180/PI()))),IF((Koordinaten!$F$5-BY14)<0,180+(ATAN((Koordinaten!$F$5-BY14)/(Koordinaten!$F$6-BZ14))*180/PI()),180+(ATAN((Koordinaten!$F$5-BY14)/(Koordinaten!$F$6-BZ14))*180/PI()))) -> 103.37858 | CE14: =CD14/360*6400 -> 1837.8414 | CF14: =BY14-1.414 -> 698.516 | CG14: =BZ14-1.414 -> 419.516 | CH14: =((Koordinaten!$D$5-CF14)^2+(Koordinaten!$D$6-CG14)^2)^(1/2)*10 -> 2239.9497 | CI14: =VLOOKUP(Koordinaten!$E$12,Tabelle1!$G$4:$AB$8,19,FALSE) -> 1140.3991 | CJ14: =IF((Koordinaten!$D$7-Koordinaten!$E$7)>0,CI14+Koordinaten!$E$16,CI14-Koordinaten!$E$16) -> 1131.2854 | CK14: =IF((Koordinaten!$F$6-CG14)<0,IF((Koordinaten!$F$5-CF14)>0,360+(ATAN((Koordinaten!$F$5-CF14)/(Koordinaten!$F$6-CG14))*180/PI()),IF((Koordinaten!$F$5-CF14)<0,0+(ATAN((Koordinaten!$F$5-CF14)/(Koordinaten!$F$6-CG14))*180/PI()))),IF((Koordinaten!$F$5-CF14)<0,180+(ATAN((Koordinaten!$F$5-CF14)/(Koordinaten!$F$6-CG14))*180/PI()),180+(ATAN((Koordinaten!$F$5-CF14)/(Koordinaten!$F$6-CG14))*180/PI()))) -> 103.81415 | CL14: =CK14/360*6400 -> 1845.5848 | CM14: =CF14-1.414 -> 697.102 | CN14: =CG14-1.414 -> 418.102 | CO14: =((Koordinaten!$D$5-CM14)^2+(Koordinaten!$D$6-CN14)^2)^(1/2)*10 -> 2229.6606 | CP14: =VLOOKUP(Koordinaten!$E$12,Tabelle1!$G$4:$AB$8,20,FALSE) -> 1141.1878 | CQ14: =IF((Koordinaten!$D$7-Koordinaten!$E$7)>0,CP14+Koordinaten!$E$16,CP14-Koordinaten!$E$16) -> 1132.0742 | CR14: =IF((Koordinaten!$F$6-CN14)<0,IF((Koordinaten!$F$5-CM14)>0,360+(ATAN((Koordinaten!$F$5-CM14)/(Koordinaten!$F$6-CN14))*180/PI()),IF((Koordinaten!$F$5-CM14)<0,0+(ATAN((Koordinaten!$F$5-CM14)/(Koordinaten!$F$6-CN14))*180/PI()))),IF((Koordinaten!$F$5-CM14)<0,180+(ATAN((Koordinaten!$F$5-CM14)/(Koordinaten!$F$6-CN14))*180/PI()),180+(ATAN((Koordinaten!$F$5-CM14)/(Koordinaten!$F$6-CN14))*180/PI()))) -> 104.25376 | CS14: =CR14/360*6400 -> 1853.4001 | CT14: =CM14-1.414 -> 695.688 | CU14: =CN14-1.414 -> 416.688 | CV14: =((Koordinaten!$D$5-CT14)^2+(Koordinaten!$D$6-CU14)^2)^(1/2)*10 -> 2219.504 | CW14: =VLOOKUP(Koordinaten!$E$12,Tabelle1!$G$4:$AB$8,21,FALSE) -> 1141.9264 | CX14: =IF((Koordinaten!$D$7-Koordinaten!$E$7)>0,CW14+Koordinaten!$E$16,CW14-Koordinaten!$E$16) -> 1132.8128 | CY14: =IF((Koordinaten!$F$6-CU14)<0,IF((Koordinaten!$F$5-CT14)>0,360+(ATAN((Koordinaten!$F$5-CT14)/(Koordinaten!$F$6-CU14))*180/PI()),IF((Koordinaten!$F$5-CT14)<0,0+(ATAN((Koordinaten!$F$5-CT14)/(Koordinaten!$F$6-CU14))*180/PI()))),IF((Koordinaten!$F$5-CT14)<0,180+(ATAN((Koordinaten!$F$5-CT14)/(Koordinaten!$F$6-CU14))*180/PI()),180+(ATAN((Koordinaten!$F$5-CT14)/(Koordinaten!$F$6-CU14))*180/PI()))) -> 104.69742 | CZ14: =CY14/360*6400 -> 1861.2874 | DA14: =CT14-1.414 -> 694.274 | DB14: =CU14-1.414 -> 415.274 | DC14: =((Koordinaten!$D$5-DA14)^2+(Koordinaten!$D$6-DB14)^2)^(1/2)*10 -> 2209.4816 | DD14: =VLOOKUP(Koordinaten!$E$12,Tabelle1!$G$4:$AB$8,22,FALSE) -> 1142.6151 | DE14: =IF((Koordinaten!$D$7-Koordinaten!$E$7)>0,DD14+Koordinaten!$E$16,DD14-Koordinaten!$E$16) -> 1133.5014 | DF14: =IF((Koordinaten!$F$6-DB14)<0,IF((Koordinaten!$F$5-DA14)>0,360+(ATAN((Koordinaten!$F$5-DA14)/(Koordinaten!$F$6-DB14))*180/PI()),IF((Koordinaten!$F$5-DA14)<0,0+(ATAN((Koordinaten!$F$5-DA14)/(Koordinaten!$F$6-DB14))*180/PI()))),IF((Koordinaten!$F$5-DA14)<0,180+(ATAN((Koordinaten!$F$5-DA14)/(Koordinaten!$F$6-DB14))*180/PI()),180+(ATAN((Koordinaten!$F$5-DA14)/(Koordinaten!$F$6-DB14))*180/PI()))) -> 105.14513 | DG14: =DF14/360*6400 -> 1869.2468
F15: mil - 4 Ringe | G15: 4 | H15: =IF(Koordinaten!$D$7-Koordinaten!$E$7<0,(Koordinaten!$D$7-Koordinaten!$E$7)*(-1),Koordinaten!$D$7-Koordinaten!$E$7) -> 50 | I15: =AH15*H15^5+AG15*H15^4+AF15*H15^3+AE15*H15^2+AD15*H15+AC15 -> 9.1136667 | AC15: 8.99002 | AD15: 0.00304817 | AE15: =-0.0000121098 -> -1.21098e-05 | AF15: 1.62142e-08 | AG15: =-0.0000000000823226 -> -8.23226e-11 | AH15: 1.4857e-15
AN16: 7 | AO16: W | AP16: =Koordinaten!$E$5 -> 707 | AQ16: =Koordinaten!$E$6 -> 428 | AR16: =((Koordinaten!$D$5-AP16)^2+(Koordinaten!$D$6-AQ16)^2)^(1/2)*10 -> 2304.3654 | AS16: =VLOOKUP(Koordinaten!$E$12,Tabelle1!$G$4:$AB$8,13,FALSE) -> 1134.6016 | AT16: =IF((Koordinaten!$D$7-Koordinaten!$E$7)>0,AS16+Koordinaten!$E$16,AS16-Koordinaten!$E$16) -> 1125.488 | AU16: =IF((Koordinaten!$F$6-AQ16)<0,IF((Koordinaten!$F$5-AP16)>0,360+(ATAN((Koordinaten!$F$5-AP16)/(Koordinaten!$F$6-AQ16))*180/PI()),IF((Koordinaten!$F$5-AP16)<0,0+(ATAN((Koordinaten!$F$5-AP16)/(Koordinaten!$F$6-AQ16))*180/PI()))),IF((Koordinaten!$F$5-AP16)<0,180+(ATAN((Koordinaten!$F$5-AP16)/(Koordinaten!$F$6-AQ16))*180/PI()),180+(ATAN((Koordinaten!$F$5-AP16)/(Koordinaten!$F$6-AQ16))*180/PI()))) -> 101.26117 | AV16: =AU16/360*6400 -> 1800.1986 | AW16: =AP16-2 -> 705 | AX16: =AQ16 -> 428 | AY16: =((Koordinaten!$D$5-AW16)^2+(Koordinaten!$D$6-AX16)^2)^(1/2)*10 -> 2284.7538 | AZ16: =VLOOKUP(Koordinaten!$E$12,Tabelle1!$G$4:$AB$8,14,FALSE) -> 1135.6959 | BA16: =IF((Koordinaten!$D$7-Koordinaten!$E$7)>0,AZ16+Koordinaten!$E$16,AZ16-Koordinaten!$E$16) -> 1126.5822 | BB16: =IF((Koordinaten!$F$6-AX16)<0,IF((Koordinaten!$F$5-AW16)>0,360+(ATAN((Koordinaten!$F$5-AW16)/(Koordinaten!$F$6-AX16))*180/PI()),IF((Koordinaten!$F$5-AW16)<0,0+(ATAN((Koordinaten!$F$5-AW16)/(Koordinaten!$F$6-AX16))*180/PI()))),IF((Koordinaten!$F$5-AW16)<0,180+(ATAN((Koordinaten!$F$5-AW16)/(Koordinaten!$F$6-AX16))*180/PI()),180+(ATAN((Koordinaten!$F$5-AW16)/(Koordinaten!$F$6-AX16))*180/PI()))) -> 101.35911 | BC16: =BB16/360*6400 -> 1801.9398 | BD16: =AW16-2 -> 703 | BE16: =AX16 -> 428 | BF16: =((Koordinaten!$D$5-BD16)^2+(Koordinaten!$D$6-BE16)^2)^(1/2)*10 -> 2265.149 | BG16: =VLOOKUP(Koordinaten!$E$12,Tabelle1!$G$4:$AB$8,15,FALSE) -> 1136.7386 | BH16: =IF((Koordinaten!$D$7-Koordinaten!$E$7)>0,BG16+Koordinaten!$E$16,BG16-Koordinaten!$E$16) -> 1127.6249 | BI16: =IF((Koordinaten!$F$6-BE16)<0,IF((Koordinaten!$F$5-BD16)>0,360+(ATAN((Koordinaten!$F$5-BD16)/(Koordinaten!$F$6-BE16))*180/PI()),IF((Koordinaten!$F$5-BD16)<0,0+(ATAN((Koordinaten!$F$5-BD16)/(Koordinaten!$F$6-BE16))*180/PI()))),IF((Koordinaten!$F$5-BD16)<0,180+(ATAN((Koordinaten!$F$5-BD16)/(Koordinaten!$F$6-BE16))*180/PI()),180+(ATAN((Koordinaten!$F$5-BD16)/(Koordinaten!$F$6-BE16))*180/PI()))) -> 101.45875 | BJ16: =BI16/360*6400 -> 1803.7112 | BK16: =BD16-2 -> 701 | BL16: =BE16 -> 428 | BM16: =((Koordinaten!$D$5-BK16)^2+(Koordinaten!$D$6-BL16)^2)^(1/2)*10 -> 2245.5512 | BN16: =VLOOKUP(Koordinaten!$E$12,Tabelle1!$G$4:$AB$8,16,FALSE) -> 1137.73 | BO16: =IF((Koordinaten!$D$7-Koordinaten!$E$7)>0,BN16+Koordinaten!$E$16,BN16-Koordinaten!$E$16) -> 1128.6163 | BP16: =IF((Koordinaten!$F$6-BL16)<0,IF((Koordinaten!$F$5-BK16)>0,360+(ATAN((Koordinaten!$F$5-BK16)/(Koordinaten!$F$6-BL16))*180/PI()),IF((Koordinaten!$F$5-BK16)<0,0+(ATAN((Koordinaten!$F$5-BK16)/(Koordinaten!$F$6-BL16))*180/PI()))),IF((Koordinaten!$F$5-BK16)<0,180+(ATAN((Koordinaten!$F$5-BK16)/(Koordinaten!$F$6-BL16))*180/PI()),180+(ATAN((Koordinaten!$F$5-BK16)/(Koordinaten!$F$6-BL16))*180/PI()))) -> 101.56013 | BQ16: =BP16/360*6400 -> 1805.5134 | BR16: =BK16-2 -> 699 | BS16: =BL16 -> 428 | BT16: =((Koordinaten!$D$5-BR16)^2+(Koordinaten!$D$6-BS16)^2)^(1/2)*10 -> 2225.9605 | BU16: =VLOOKUP(Koordinaten!$E$12,Tabelle1!$G$4:$AB$8,17,FALSE) -> 1138.6704 | BV16: =IF((Koordinaten!$D$7-Koordinaten!$E$7)>0,BU16+Koordinaten!$E$16,BU16-Koordinaten!$E$16) -> 1129.5567 | BW16: =IF((Koordinaten!$F$6-BS16)<0,IF((Koordinaten!$F$5-BR16)>0,360+(ATAN((Koordinaten!$F$5-BR16)/(Koordinaten!$F$6-BS16))*180/PI()),IF((Koordinaten!$F$5-BR16)<0,0+(ATAN((Koordinaten!$F$5-BR16)/(Koordinaten!$F$6-BS16))*180/PI()))),IF((Koordinaten!$F$5-BR16)<0,180+(ATAN((Koordinaten!$F$5-BR16)/(Koordinaten!$F$6-BS16))*180/PI()),180+(ATAN((Koordinaten!$F$5-BR16)/(Koordinaten!$F$6-BS16))*180/PI()))) -> 101.66329 | BX16: =BW16/360*6400 -> 1807.3474 | BY16: =BR16-2 -> 697 | BZ16: =BS16 -> 428 | CA16: =((Koordinaten!$D$5-BY16)^2+(Koordinaten!$D$6-BZ16)^2)^(1/2)*10 -> 2206.3771 | CB16: =VLOOKUP(Koordinaten!$E$12,Tabelle1!$G$4:$AB$8,18,FALSE) -> 1139.56 | CC16: =IF((Koordinaten!$D$7-Koordinaten!$E$7)>0,CB16+Koordinaten!$E$16,CB16-Koordinaten!$E$16) -> 1130.4463 | CD16: =IF((Koordinaten!$F$6-BZ16)<0,IF((Koordinaten!$F$5-BY16)>0,360+(ATAN((Koordinaten!$F$5-BY16)/(Koordinaten!$F$6-BZ16))*180/PI()),IF((Koordinaten!$F$5-BY16)<0,0+(ATAN((Koordinaten!$F$5-BY16)/(Koordinaten!$F$6-BZ16))*180/PI()))),IF((Koordinaten!$F$5-BY16)<0,180+(ATAN((Koordinaten!$F$5-BY16)/(Koordinaten!$F$6-BZ16))*180/PI()),180+(ATAN((Koordinaten!$F$5-BY16)/(Koordinaten!$F$6-BZ16))*180/PI()))) -> 101.76829 | CE16: =CD16/360*6400 -> 1809.214 | CF16: =BY16-2 -> 695 | CG16: =BZ16 -> 428 | CH16: =((Koordinaten!$D$5-CF16)^2+(Koordinaten!$D$6-CG16)^2)^(1/2)*10 -> 2186.8013 | CI16: =VLOOKUP(Koordinaten!$E$12,Tabelle1!$G$4:$AB$8,19,FALSE) -> 1140.3991 | CJ16: =IF((Koordinaten!$D$7-Koordinaten!$E$7)>0,CI16+Koordinaten!$E$16,CI16-Koordinaten!$E$16) -> 1131.2854 | CK16: =IF((Koordinaten!$F$6-CG16)<0,IF((Koordinaten!$F$5-CF16)>0,360+(ATAN((Koordinaten!$F$5-CF16)/(Koordinaten!$F$6-CG16))*180/PI()),IF((Koordinaten!$F$5-CF16)<0,0+(ATAN((Koordinaten!$F$5-CF16)/(Koordinaten!$F$6-CG16))*180/PI()))),IF((Koordinaten!$F$5-CF16)<0,180+(ATAN((Koordinaten!$F$5-CF16)/(Koordinaten!$F$6-CG16))*180/PI()),180+(ATAN((Koordinaten!$F$5-CF16)/(Koordinaten!$F$6-CG16))*180/PI()))) -> 101.87516 | CL16: =CK16/360*6400 -> 1811.114 | CM16: =CF16-2 -> 693 | CN16: =CG16 -> 428 | CO16: =((Koordinaten!$D$5-CM16)^2+(Koordinaten!$D$6-CN16)^2)^(1/2)*10 -> 2167.2333 | CP16: =VLOOKUP(Koordinaten!$E$12,Tabelle1!$G$4:$AB$8,20,FALSE) -> 1141.1878 | CQ16: =IF((Koordinaten!$D$7-Koordinaten!$E$7)>0,CP16+Koordinaten!$E$16,CP16-Koordinaten!$E$16) -> 1132.0742 | CR16: =IF((Koordinaten!$F$6-CN16)<0,IF((Koordinaten!$F$5-CM16)>0,360+(ATAN((Koordinaten!$F$5-CM16)/(Koordinaten!$F$6-CN16))*180/PI()),IF((Koordinaten!$F$5-CM16)<0,0+(ATAN((Koordinaten!$F$5-CM16)/(Koordinaten!$F$6-CN16))*180/PI()))),IF((Koordinaten!$F$5-CM16)<0,180+(ATAN((Koordinaten!$F$5-CM16)/(Koordinaten!$F$6-CN16))*180/PI()),180+(ATAN((Koordinaten!$F$5-CM16)/(Koordinaten!$F$6-CN16))*180/PI()))) -> 101.98397 | CS16: =CR16/360*6400 -> 1813.0483 | CT16: =CM16-2 -> 691 | CU16: =CN16 -> 428 | CV16: =((Koordinaten!$D$5-CT16)^2+(Koordinaten!$D$6-CU16)^2)^(1/2)*10 -> 2147.6732 | CW16: =VLOOKUP(Koordinaten!$E$12,Tabelle1!$G$4:$AB$8,21,FALSE) -> 1141.9264 | CX16: =IF((Koordinaten!$D$7-Koordinaten!$E$7)>0,CW16+Koordinaten!$E$16,CW16-Koordinaten!$E$16) -> 1132.8128 | CY16: =IF((Koordinaten!$F$6-CU16)<0,IF((Koordinaten!$F$5-CT16)>0,360+(ATAN((Koordinaten!$F$5-CT16)/(Koordinaten!$F$6-CU16))*180/PI()),IF((Koordinaten!$F$5-CT16)<0,0+(ATAN((Koordinaten!$F$5-CT16)/(Koordinaten!$F$6-CU16))*180/PI()))),IF((Koordinaten!$F$5-CT16)<0,180+(ATAN((Koordinaten!$F$5-CT16)/(Koordinaten!$F$6-CU16))*180/PI()),180+(ATAN((Koordinaten!$F$5-CT16)/(Koordinaten!$F$6-CU16))*180/PI()))) -> 102.09476 | CZ16: =CY16/360*6400 -> 1815.0179 | DA16: =CT16-2 -> 689 | DB16: =CU16 -> 428 | DC16: =((Koordinaten!$D$5-DA16)^2+(Koordinaten!$D$6-DB16)^2)^(1/2)*10 -> 2128.1212 | DD16: =VLOOKUP(Koordinaten!$E$12,Tabelle1!$G$4:$AB$8,22,FALSE) -> 1142.6151 | DE16: =IF((Koordinaten!$D$7-Koordinaten!$E$7)>0,DD16+Koordinaten!$E$16,DD16-Koordinaten!$E$16) -> 1133.5014 | DF16: =IF((Koordinaten!$F$6-DB16)<0,IF((Koordinaten!$F$5-DA16)>0,360+(ATAN((Koordinaten!$F$5-DA16)/(Koordinaten!$F$6-DB16))*180/PI()),IF((Koordinaten!$F$5-DA16)<0,0+(ATAN((Koordinaten!$F$5-DA16)/(Koordinaten!$F$6-DB16))*180/PI()))),IF((Koordinaten!$F$5-DA16)<0,180+(ATAN((Koordinaten!$F$5-DA16)/(Koordinaten!$F$6-DB16))*180/PI()),180+(ATAN((Koordinaten!$F$5-DA16)/(Koordinaten!$F$6-DB16))*180/PI()))) -> 102.20758 | DG16: =DF16/360*6400 -> 1817.0237
E17: m | F17: mil | AF17: x1 | AG17: x2 | AH17: x3 | AI17: x4 | AJ17: x5 | AK17: x6 | AL17: x7 | AM17: x8
C18: =E18 -> 50 | D18: 0 | E18: 50 | F18: 1540 | G18: 13.2 | H18: 61 | AD18: =AI18*C18^4+AH18*C18^3+AG18*C18^2+AF18*C18+AE18 -> 1539.3229 | AE18: 1574.89 | AF18: =-0.348741 -> -0.348741 | AG18: =-0.00885985 -> -0.00885985 | AH18: 3.46566e-05 | AI18: =-0.00000005 -> -5e-08 | AN18: 8 | AO18: NW | AP18: =Koordinaten!$E$5 -> 707 | AQ18: =Koordinaten!$E$6 -> 428 | AR18: =((Koordinaten!$D$5-AP18)^2+(Koordinaten!$D$6-AQ18)^2)^(1/2)*10 -> 2304.3654 | AS18: =VLOOKUP(Koordinaten!$E$12,Tabelle1!$G$4:$AB$8,13,FALSE) -> 1134.6016 | AT18: =IF((Koordinaten!$D$7-Koordinaten!$E$7)>0,AS18+Koordinaten!$E$16,AS18-Koordinaten!$E$16) -> 1125.488 | AU18: =IF((Koordinaten!$F$6-AQ18)<0,IF((Koordinaten!$F$5-AP18)>0,360+(ATAN((Koordinaten!$F$5-AP18)/(Koordinaten!$F$6-AQ18))*180/PI()),IF((Koordinaten!$F$5-AP18)<0,0+(ATAN((Koordinaten!$F$5-AP18)/(Koordinaten!$F$6-AQ18))*180/PI()))),IF((Koordinaten!$F$5-AP18)<0,180+(ATAN((Koordinaten!$F$5-AP18)/(Koordinaten!$F$6-AQ18))*180/PI()),180+(ATAN((Koordinaten!$F$5-AP18)/(Koordinaten!$F$6-AQ18))*180/PI()))) -> 101.26117 | AV18: =AU18/360*6400 -> 1800.1986 | AW18: =AP18-1.414 -> 705.586 | AX18: =AQ18+1.414 -> 429.414 | AY18: =((Koordinaten!$D$5-AW18)^2+(Koordinaten!$D$6-AX18)^2)^(1/2)*10 -> 2287.7633 | AZ18: =VLOOKUP(Koordinaten!$E$12,Tabelle1!$G$4:$AB$8,14,FALSE) -> 1135.6959 | BA18: =IF((Koordinaten!$D$7-Koordinaten!$E$7)>0,AZ18+Koordinaten!$E$16,AZ18-Koordinaten!$E$16) -> 1126.5822 | BB18: =IF((Koordinaten!$F$6-AX18)<0,IF((Koordinaten!$F$5-AW18)>0,360+(ATAN((Koordinaten!$F$5-AW18)/(Koordinaten!$F$6-AX18))*180/PI()),IF((Koordinaten!$F$5-AW18)<0,0+(ATAN((Koordinaten!$F$5-AW18)/(Koordinaten!$F$6-AX18))*180/PI()))),IF((Koordinaten!$F$5-AW18)<0,180+(ATAN((Koordinaten!$F$5-AW18)/(Koordinaten!$F$6-AX18))*180/PI()),180+(ATAN((Koordinaten!$F$5-AW18)/(Koordinaten!$F$6-AX18))*180/PI()))) -> 100.98301 | BC18: =BB18/360*6400 -> 1795.2536 | BD18: =AW18-1.414 -> 704.172 | BE18: =AX18+1.414 -> 430.828 | BF18: =((Koordinaten!$D$5-BD18)^2+(Koordinaten!$D$6-BE18)^2)^(1/2)*10 -> 2271.216 | BG18: =VLOOKUP(Koordinaten!$E$12,Tabelle1!$G$4:$AB$8,15,FALSE) -> 1136.7386 | BH18: =IF((Koordinaten!$D$7-Koordinaten!$E$7)>0,BG18+Koordinaten!$E$16,BG18-Koordinaten!$E$16) -> 1127.6249 | BI18: =IF((Koordinaten!$F$6-BE18)<0,IF((Koordinaten!$F$5-BD18)>0,360+(ATAN((Koordinaten!$F$5-BD18)/(Koordinaten!$F$6-BE18))*180/PI()),IF((Koordinaten!$F$5-BD18)<0,0+(ATAN((Koordinaten!$F$5-BD18)/(Koordinaten!$F$6-BE18))*180/PI()))),IF((Koordinaten!$F$5-BD18)<0,180+(ATAN((Koordinaten!$F$5-BD18)/(Koordinaten!$F$6-BE18))*180/PI()),180+(ATAN((Koordinaten!$F$5-BD18)/(Koordinaten!$F$6-BE18))*180/PI()))) -> 100.7008 | BJ18: =BI18/360*6400 -> 1790.2364 | BK18: =BD18-1.414 -> 702.758 | BL18: =BE18+1.414 -> 432.242 | BM18: =((Koordinaten!$D$5-BK18)^2+(Koordinaten!$D$6-BL18)^2)^(1/2)*10 -> 2254.7245 | BN18: =VLOOKUP(Koordinaten!$E$12,Tabelle1!$G$4:$AB$8,16,FALSE) -> 1137.73 | BO18: =IF((Koordinaten!$D$7-Koordinaten!$E$7)>0,BN18+Koordinaten!$E$16,BN18-Koordinaten!$E$16) -> 1128.6163 | BP18: =IF((Koordinaten!$F$6-BL18)<0,IF((Koordinaten!$F$5-BK18)>0,360+(ATAN((Koordinaten!$F$5-BK18)/(Koordinaten!$F$6-BL18))*180/PI()),IF((Koordinaten!$F$5-BK18)<0,0+(ATAN((Koordinaten!$F$5-BK18)/(Koordinaten!$F$6-BL18))*180/PI()))),IF((Koordinaten!$F$5-BK18)<0,180+(ATAN((Koordinaten!$F$5-BK18)/(Koordinaten!$F$6-BL18))*180/PI()),180+(ATAN((Koordinaten!$F$5-BK18)/(Koordinaten!$F$6-BL18))*180/PI()))) -> 100.41444 | BQ18: =BP18/360*6400 -> 1785.1457 | BR18: =BK18-1.414 -> 701.344 | BS18: =BL18+1.414 -> 433.656 | BT18: =((Koordinaten!$D$5-BR18)^2+(Koordinaten!$D$6-BS18)^2)^(1/2)*10 -> 2238.2902 | BU18: =VLOOKUP(Koordinaten!$E$12,Tabelle1!$G$4:$AB$8,17,FALSE) -> 1138.6704 | BV18: =IF((Koordinaten!$D$7-Koordinaten!$E$7)>0,BU18+Koordinaten!$E$16,BU18-Koordinaten!$E$16) -> 1129.5567 | BW18: =IF((Koordinaten!$F$6-BS18)<0,IF((Koordinaten!$F$5-BR18)>0,360+(ATAN((Koordinaten!$F$5-BR18)/(Koordinaten!$F$6-BS18))*180/PI()),IF((Koordinaten!$F$5-BR18)<0,0+(ATAN((Koordinaten!$F$5-BR18)/(Koordinaten!$F$6-BS18))*180/PI()))),IF((Koordinaten!$F$5-BR18)<0,180+(ATAN((Koordinaten!$F$5-BR18)/(Koordinaten!$F$6-BS18))*180/PI()),180+(ATAN((Koordinaten!$F$5-BR18)/(Koordinaten!$F$6-BS18))*180/PI()))) -> 100.12388 | BX18: =BW18/360*6400 -> 1779.9801 | BY18: =BR18-1.414 -> 699.93 | BZ18: =BS18+1.414 -> 435.07 | CA18: =((Koordinaten!$D$5-BY18)^2+(Koordinaten!$D$6-BZ18)^2)^(1/2)*10 -> 2221.9143 | CB18: =VLOOKUP(Koordinaten!$E$12,Tabelle1!$G$4:$AB$8,18,FALSE) -> 1139.56 | CC18: =IF((Koordinaten!$D$7-Koordinaten!$E$7)>0,CB18+Koordinaten!$E$16,CB18-Koordinaten!$E$16) -> 1130.4463 | CD18: =IF((Koordinaten!$F$6-BZ18)<0,IF((Koordinaten!$F$5-BY18)>0,360+(ATAN((Koordinaten!$F$5-BY18)/(Koordinaten!$F$6-BZ18))*180/PI()),IF((Koordinaten!$F$5-BY18)<0,0+(ATAN((Koordinaten!$F$5-BY18)/(Koordinaten!$F$6-BZ18))*180/PI()))),IF((Koordinaten!$F$5-BY18)<0,180+(ATAN((Koordinaten!$F$5-BY18)/(Koordinaten!$F$6-BZ18))*180/PI()),180+(ATAN((Koordinaten!$F$5-BY18)/(Koordinaten!$F$6-BZ18))*180/PI()))) -> 99.829024 | CE18: =CD18/360*6400 -> 1774.7382 | CF18: =BY18-1.414 -> 698.516 | CG18: =BZ18+1.414 -> 436.484 | CH18: =((Koordinaten!$D$5-CF18)^2+(Koordinaten!$D$6-CG18)^2)^(1/2)*10 -> 2205.5981 | CI18: =VLOOKUP(Koordinaten!$E$12,Tabelle1!$G$4:$AB$8,19,FALSE) -> 1140.3991 | CJ18: =IF((Koordinaten!$D$7-Koordinaten!$E$7)>0,CI18+Koordinaten!$E$16,CI18-Koordinaten!$E$16) -> 1131.2854 | CK18: =IF((Koordinaten!$F$6-CG18)<0,IF((Koordinaten!$F$5-CF18)>0,360+(ATAN((Koordinaten!$F$5-CF18)/(Koordinaten!$F$6-CG18))*180/PI()),IF((Koordinaten!$F$5-CF18)<0,0+(ATAN((Koordinaten!$F$5-CF18)/(Koordinaten!$F$6-CG18))*180/PI()))),IF((Koordinaten!$F$5-CF18)<0,180+(ATAN((Koordinaten!$F$5-CF18)/(Koordinaten!$F$6-CG18))*180/PI()),180+(ATAN((Koordinaten!$F$5-CF18)/(Koordinaten!$F$6-CG18))*180/PI()))) -> 99.529799 | CL18: =CK18/360*6400 -> 1769.4186 | CM18: =CF18-1.414 -> 697.102 | CN18: =CG18+1.414 -> 437.898 | CO18: =((Koordinaten!$D$5-CM18)^2+(Koordinaten!$D$6-CN18)^2)^(1/2)*10 -> 2189.3429 | CP18: =VLOOKUP(Koordinaten!$E$12,Tabelle1!$G$4:$AB$8,20,FALSE) -> 1141.1878 | CQ18: =IF((Koordinaten!$D$7-Koordinaten!$E$7)>0,CP18+Koordinaten!$E$16,CP18-Koordinaten!$E$16) -> 1132.0742 | CR18: =IF((Koordinaten!$F$6-CN18)<0,IF((Koordinaten!$F$5-CM18)>0,360+(ATAN((Koordinaten!$F$5-CM18)/(Koordinaten!$F$6-CN18))*180/PI()),IF((Koordinaten!$F$5-CM18)<0,0+(ATAN((Koordinaten!$F$5-CM18)/(Koordinaten!$F$6-CN18))*180/PI()))),IF((Koordinaten!$F$5-CM18)<0,180+(ATAN((Koordinaten!$F$5-CM18)/(Koordinaten!$F$6-CN18))*180/PI()),180+(ATAN((Koordinaten!$F$5-CM18)/(Koordinaten!$F$6-CN18))*180/PI()))) -> 99.226121 | CS18: =CR18/360*6400 -> 1764.0199 | CT18: =CM18-1.414 -> 695.688 | CU18: =CN18+1.414 -> 439.312 | CV18: =((Koordinaten!$D$5-CT18)^2+(Koordinaten!$D$6-CU18)^2)^(1/2)*10 -> 2173.1502 | CW18: =VLOOKUP(Koordinaten!$E$12,Tabelle1!$G$4:$AB$8,21,FALSE) -> 1141.9264 | CX18: =IF((Koordinaten!$D$7-Koordinaten!$E$7)>0,CW18+Koordinaten!$E$16,CW18-Koordinaten!$E$16) -> 1132.8128 | CY18: =IF((Koordinaten!$F$6-CU18)<0,IF((Koordinaten!$F$5-CT18)>0,360+(ATAN((Koordinaten!$F$5-CT18)/(Koordinaten!$F$6-CU18))*180/PI()),IF((Koordinaten!$F$5-CT18)<0,0+(ATAN((Koordinaten!$F$5-CT18)/(Koordinaten!$F$6-CU18))*180/PI()))),IF((Koordinaten!$F$5-CT18)<0,180+(ATAN((Koordinaten!$F$5-CT18)/(Koordinaten!$F$6-CU18))*180/PI()),180+(ATAN((Koordinaten!$F$5-CT18)/(Koordinaten!$F$6-CU18))*180/PI()))) -> 98.91791 | CZ18: =CY18/360*6400 -> 1758.5406 | DA18: =CT18-1.414 -> 694.274 | DB18: =CU18+1.414 -> 440.726 | DC18: =((Koordinaten!$D$5-DA18)^2+(Koordinaten!$D$6-DB18)^2)^(1/2)*10 -> 2157.0213 | DD18: =VLOOKUP(Koordinaten!$E$12,Tabelle1!$G$4:$AB$8,22,FALSE) -> 1142.6151 | DE18: =IF((Koordinaten!$D$7-Koordinaten!$E$7)>0,DD18+Koordinaten!$E$16,DD18-Koordinaten!$E$16) -> 1133.5014 | DF18: =IF((Koordinaten!$F$6-DB18)<0,IF((Koordinaten!$F$5-DA18)>0,360+(ATAN((Koordinaten!$F$5-DA18)/(Koordinaten!$F$6-DB18))*180/PI()),IF((Koordinaten!$F$5-DA18)<0,0+(ATAN((Koordinaten!$F$5-DA18)/(Koordinaten!$F$6-DB18))*180/PI()))),IF((Koordinaten!$F$5-DA18)<0,180+(ATAN((Koordinaten!$F$5-DA18)/(Koordinaten!$F$6-DB18))*180/PI()),180+(ATAN((Koordinaten!$F$5-DA18)/(Koordinaten!$F$6-DB18))*180/PI()))) -> 98.605079 | DG18: =DF18/360*6400 -> 1752.9792
C19: =E19 -> 100 | D19: =D18 -> 0 | E19: =E18+50 -> 100 | F19: 1479 | G19: 13.2 | H19: 63 | AD19: =AI19*C19^4+AH19*C19^3+AG19*C19^2+AF19*C19+AE19 -> 1481.074 | AE19: =AE18 -> 1574.89 | AF19: =AF18 -> -0.348741 | AG19: =AG18 -> -0.00885985 | AH19: =AH18 -> 3.46566e-05 | AI19: =AI18 -> -5e-08
C20: =E20 -> 150 | D20: =D19 -> 0 | E20: =E19+50 -> 150 | F20: 1416 | G20: 13 | H20: 66 | AD20: =AI20*C20^4+AH20*C20^3+AG20*C20^2+AF20*C20+AE20 -> 1414.8858 | AE20: =AE19 -> 1574.89 | AF20: =AF19 -> -0.348741 | AG20: =AG19 -> -0.00885985 | AH20: =AH19 -> 3.46566e-05 | AI20: =AI19 -> -5e-08
C21: =E21 -> 200 | D21: =D20 -> 0 | E21: =E20+50 -> 200 | F21: 1350 | G21: 12.8 | H21: 71 | AD21: =AI21*C21^4+AH21*C21^3+AG21*C21^2+AF21*C21+AE21 -> 1348.0006 | AE21: =AE20 -> 1574.89 | AF21: =AF20 -> -0.348741 | AG21: =AG20 -> -0.00885985 | AH21: =AH20 -> 3.46566e-05 | AI21: =AI20 -> -5e-08
C22: =E22 -> 250 | D22: =D21 -> 0 | E22: =E21+50 -> 250 | F22: 1279 | G22: 12.6 | H22: 78 | AD22: =AI22*C22^4+AH22*C22^3+AG22*C22^2+AF22*C22+AE22 -> 1280.161 | AE22: =AE21 -> 1574.89 | AF22: =AF21 -> -0.348741 | AG22: =AG21 -> -0.00885985 | AH22: =AH21 -> 3.46566e-05 | AI22: =AI21 -> -5e-08
C23: =E23 -> 300 | D23: =D22 -> 0 | E23: =E22+50 -> 300 | F23: 1201 | G23: 12.3 | H23: 95 | AD23: =AI23*C23^4+AH23*C23^3+AG23*C23^2+AF23*C23+AE23 -> 1203.6094 | AE23: =AE22 -> 1574.89 | AF23: =AF22 -> -0.348741 | AG23: =AG22 -> -0.00885985 | AH23: =AH22 -> 3.46566e-05 | AI23: =AI22 -> -5e-08
C24: =E24 -> 350 | D24: =D23 -> 0 | E24: =E23+50 -> 350 | F24: 1106 | G24: 11.7 | H24: 151 | AD24: =AI24*C24^4+AH24*C24^3+AG24*C24^2+AF24*C24+AE24 -> 1103.0883 | AE24: =AE23 -> 1574.89 | AF24: =AF23 -> -0.348741 | AG24: =AG23 -> -0.00885985 | AH24: =AH23 -> 3.46566e-05 | AI24: =AI23 -> -5e-08 | AT24: NEIN
C25: =E25 -> 400 | D25: =D24 -> 0 | E25: =E24+50 -> 400 | F25: 955 | G25: 10.7 | AD25: =AI25*C25^4+AH25*C25^3+AG25*C25^2+AF25*C25+AE25 -> 955.84 | AE25: =AE24 -> 1574.89 | AF25: =AF24 -> -0.348741 | AG25: =AG24 -> -0.00885985 | AH25: =AH24 -> 3.46566e-05 | AI25: =AI24 -> -5e-08 | AO25: 1 | AT25: N | AV25: ↑
C26: =E26 -> 100 | D26: 1 | E26: 100 | F26: 1547 | G26: 20 | H26: 28 | AD26: =AI26*C26^4+AH26*C26^3+AG26*C26^2+AF26*C26+AE26 -> 1546.1901 | AE26: 1585.33 | AF26: =-0.294365 -> -0.294365 | AG26: =-0.00115982 -> -0.00115982 | AH26: =0.00000203322 -> 2.03322e-06 | AI26: =-0.00000000138403 -> -1.38403e-09 | AO26: 2 | AT26: NE | AV26: ↗
C27: =E27 -> 200 | D27: =D26 -> 1 | E27: =E26+100 -> 200 | F27: 1492 | G27: 19.9 | H27: 28 | AD27: =AI27*C27^4+AH27*C27^3+AG27*C27^2+AF27*C27+AE27 -> 1494.1155 | AE27: =AE26 -> 1585.33 | AF27: =AF26 -> -0.294365 | AG27: =AG26 -> -0.00115982 | AH27: =AH26 -> 2.03322e-06 | AI27: =AI26 -> -1.38403e-09 | AO27: 3 | AT27: E | AV27: →
C28: =E28 -> 300 | D28: =D27 -> 1 | E28: =E27+100 -> 300 | F28: 1437 | G28: 19.7 | H28: 29 | AD28: =AI28*C28^4+AH28*C28^3+AG28*C28^2+AF28*C28+AE28 -> 1436.323 | AE28: =AE27 -> 1585.33 | AF28: =AF27 -> -0.294365 | AG28: =AG27 -> -0.00115982 | AH28: =AH27 -> 2.03322e-06 | AI28: =AI27 -> -1.38403e-09 | AO28: 4 | AT28: SE | AV28: ↘
C29: =E29 -> 400 | D29: =D28 -> 1 | E29: =E28+100 -> 400 | F29: 1378 | G29: 19.5 | H29: 31 | AD29: =AI29*C29^4+AH29*C29^3+AG29*C29^2+AF29*C29+AE29 -> 1376.7077 | AE29: =AE28 -> 1585.33 | AF29: =AF28 -> -0.294365 | AG29: =AG28 -> -0.00115982 | AH29: =AH28 -> 2.03322e-06 | AI29: =AI28 -> -1.38403e-09 | AO29: 5 | AT29: S | AV29: ↓
C30: =E30 -> 500 | D30: =D29 -> 1 | E30: =E29+100 -> 500 | F30: 1317 | G30: 19.2 | H30: 33 | AD30: =AI30*C30^4+AH30*C30^3+AG30*C30^2+AF30*C30+AE30 -> 1315.8431 | AE30: =AE29 -> 1585.33 | AF30: =AF29 -> -0.294365 | AG30: =AG29 -> -0.00115982 | AH30: =AH29 -> 2.03322e-06 | AI30: =AI29 -> -1.38403e-09 | AO30: 6 | AT30: SW | AV30: ↙
C31: =E31 -> 600 | D31: =D30 -> 1 | E31: =E30+100 -> 600 | F31: 1249 | G31: 18.8 | H31: 35 | AD31: =AI31*C31^4+AH31*C31^3+AG31*C31^2+AF31*C31+AE31 -> 1250.981 | AE31: =AE30 -> 1585.33 | AF31: =AF30 -> -0.294365 | AG31: =AG30 -> -0.00115982 | AH31: =AH30 -> 2.03322e-06 | AI31: =AI30 -> -1.38403e-09 | AO31: 7 | AT31: W | AV31: ←
C32: =E32 -> 700 | D32: =D31 -> 1 | E32: =E31+100 -> 700 | F32: 1174 | G32: 18.3 | H32: 42 | AD32: =AI32*C32^4+AH32*C32^3+AG32*C32^2+AF32*C32+AE32 -> 1176.0516 | AE32: =AE31 -> 1585.33 | AF32: =AF31 -> -0.294365 | AG32: =AG31 -> -0.00115982 | AH32: =AH31 -> 2.03322e-06 | AI32: =AI31 -> -1.38403e-09 | AO32: 8 | AT32: NW | AV32: ↖
C33: =E33 -> 800 | D33: =D32 -> 1 | E33: =E32+100 -> 800 | F33: 1085 | G33: 17.5 | H33: 57 | AD33: =AI33*C33^4+AH33*C33^3+AG33*C33^2+AF33*C33+AE33 -> 1081.6632 | AE33: =AE32 -> 1585.33 | AF33: =AF32 -> -0.294365 | AG33: =AG32 -> -0.00115982 | AH33: =AH32 -> 2.03322e-06 | AI33: =AI32 -> -1.38403e-09
C34: =E34 -> 900 | D34: =D33 -> 1 | E34: =E33+100 -> 900 | F34: 954 | G34: 16.1 | H34: 148 | AD34: =AI34*C34^4+AH34*C34^3+AG34*C34^2+AF34*C34+AE34 -> 955.1026 | AE34: =AE33 -> 1585.33 | AF34: =AF33 -> -0.294365 | AG34: =AG33 -> -0.00115982 | AH34: =AH33 -> 2.03322e-06 | AI34: =AI33 -> -1.38403e-09 | AS34: 2 | AT34: =AS34+7 -> 9 | AU34: =AT34+7 -> 16 | AV34: =AU34+7 -> 23 | AW34: =AV34+7 -> 30 | AX34: =AW34+7 -> 37 | AY34: =AX34+7 -> 44 | AZ34: =AY34+7 -> 51 | BA34: =AZ34+7 -> 58 | BB34: =BA34+7 -> 65
C35: =E35 -> 200 | D35: 2 | E35: 200 | F35: 1538 | G35: 26.6 | H35: 15 | AD35: =AI35*C35^4+AH35*C35^3+AG35*C35^2+AF35*C35+AE35 -> 1538.8523 | AE35: 1628.85 | AF35: =-0.590671 -> -0.590671 | AG35: 0.000957662 | AH35: -1.4732e-06 | AI35: 1.00979e-09 | AJ35: =-0.000000000000267564 -> -2.67564e-13 | AS35: =VLOOKUP(Koordinaten!$E$27,Tabelle1!$AO$4:$DG$18,Tabelle1!AS34,FALSE) -> 707 | AT35: =VLOOKUP(Koordinaten!$E$27,Tabelle1!$AO$4:$DG$18,Tabelle1!AT34,FALSE) -> 707 | AU35: =VLOOKUP(Koordinaten!$E$27,Tabelle1!$AO$4:$DG$18,Tabelle1!AU34,FALSE) -> 707 | AV35: =VLOOKUP(Koordinaten!$E$27,Tabelle1!$AO$4:$DG$18,Tabelle1!AV34,FALSE) -> 707 | AW35: =VLOOKUP(Koordinaten!$E$27,Tabelle1!$AO$4:$DG$18,Tabelle1!AW34,FALSE) -> 707 | AX35: =VLOOKUP(Koordinaten!$E$27,Tabelle1!$AO$4:$DG$18,Tabelle1!AX34,FALSE) -> 707 | AY35: =VLOOKUP(Koordinaten!$E$27,Tabelle1!$AO$4:$DG$18,Tabelle1!AY34,FALSE) -> 707 | AZ35: =VLOOKUP(Koordinaten!$E$27,Tabelle1!$AO$4:$DG$18,Tabelle1!AZ34,FALSE) -> 707 | ... BB35: =VLOOKUP(Koordinaten!$E$27,Tabelle1!$AO$4:$DG$18,Tabelle1!BB34,FALSE) -> 707
C36: =E36 -> 300 | D36: =D35 -> 2 | E36: =E35+100 -> 300 | F36: 1507 | G36: 26.5 | H36: 16 | AD36: =AJ36*C36^5+AI36*C36^4+AH36*C36^3+AG36*C36^2+AF36*C36+AE36 -> 1506.591 | AE36: 1629.85 | AF36: =-0.590671 -> -0.590671 | AG36: 0.000957662 | AH36: -1.4732e-06 | AI36: 1.00979e-09 | AJ36: =-0.000000000000267564 -> -2.67564e-13 | AS36: =VLOOKUP(Koordinaten!$E$27,Tabelle1!$AO$4:$DG$18,Tabelle1!AS34+1,FALSE) -> 428 | AT36: =VLOOKUP(Koordinaten!$E$27,Tabelle1!$AO$4:$DG$18,Tabelle1!AT34+1,FALSE) -> 430 | AU36: =VLOOKUP(Koordinaten!$E$27,Tabelle1!$AO$4:$DG$18,Tabelle1!AU34+1,FALSE) -> 432 | AV36: =VLOOKUP(Koordinaten!$E$27,Tabelle1!$AO$4:$DG$18,Tabelle1!AV34+1,FALSE) -> 434 | AW36: =VLOOKUP(Koordinaten!$E$27,Tabelle1!$AO$4:$DG$18,Tabelle1!AW34+1,FALSE) -> 436 | AX36: =VLOOKUP(Koordinaten!$E$27,Tabelle1!$AO$4:$DG$18,Tabelle1!AX34+1,FALSE) -> 438 | AY36: =VLOOKUP(Koordinaten!$E$27,Tabelle1!$AO$4:$DG$18,Tabelle1!AY34+1,FALSE) -> 440 | AZ36: =VLOOKUP(Koordinaten!$E$27,Tabelle1!$AO$4:$DG$18,Tabelle1!AZ34+1,FALSE) -> 442 | ... BB36: =VLOOKUP(Koordinaten!$E$27,Tabelle1!$AO$4:$DG$18,Tabelle1!BB34+1,FALSE) -> 446
C37: =E37 -> 400 | D37: =D36 -> 2 | E37: =E36+100 -> 400 | F37: 1475 | G37: 26.4 | H37: 16 | AD37: =AJ37*C37^5+AI37*C37^4+AH37*C37^3+AG37*C37^2+AF37*C37+AE37 -> 1476.6335 | AE37: 1630.85 | AF37: =-0.590671 -> -0.590671 | AG37: 0.000957662 | AH37: -1.4732e-06 | AI37: 1.00979e-09 | AJ37: =-0.000000000000267564 -> -2.67564e-13
C38: =E38 -> 500 | D38: =D37 -> 2 | E38: =E37+100 -> 500 | F38: 1443 | G38: 26.3 | H38: 16 | AD38: =AJ38*C38^5+AI38*C38^4+AH38*C38^3+AG38*C38^2+AF38*C38+AE38 -> 1446.5305 | AE38: 1631.85 | AF38: =-0.590671 -> -0.590671 | AG38: 0.000957662 | AH38: -1.4732e-06 | AI38: 1.00979e-09 | AJ38: =-0.000000000000267564 -> -2.67564e-13 | AT38: 200 | AU38: 300
C39: =E39 -> 600 | D39: =D38 -> 2 | E39: =E38+100 -> 600 | F39: 1410 | G39: 26.2 | H39: 16 | AD39: =AJ39*C39^5+AI39*C39^4+AH39*C39^3+AG39*C39^2+AF39*C39+AE39 -> 1415.0575 | AE39: 1632.85 | AF39: =-0.590671 -> -0.590671 | AG39: 0.000957662 | AH39: -1.4732e-06 | AI39: 1.00979e-09 | AJ39: =-0.000000000000267564 -> -2.67564e-13 | AT39: =SUM(AT40:AT44) -> 2900 | AU39: =AT39 -> 2900
C40: =E40 -> 700 | D40: =D39 -> 2 | E40: =E39+100 -> 700 | F40: 1376 | G40: 26 | H40: 17 | AD40: =AJ40*C40^5+AI40*C40^4+AH40*C40^3+AG40*C40^2+AF40*C40+AE40 -> 1381.8082 | AE40: 1633.85 | AF40: =-0.590671 -> -0.590671 | AG40: 0.000957662 | AH40: -1.4732e-06 | AI40: 1.00979e-09 | AJ40: =-0.000000000000267564 -> -2.67564e-13 | AS40: 0 | AT40: =IF(Koordinaten!$E$12=Tabelle1!AS40,400,"") | AU40: =IF($AT40="","",Koordinaten!$D$5) | AV40: =IF($AT40="","",Koordinaten!$D$6) | BC40: x | BD40: y
C41: =E41 -> 800 | D41: =D40 -> 2 | E41: =E40+100 -> 800 | F41: 1341 | G41: 25.8 | H41: 18 | AD41: =AJ41*C41^5+AI41*C41^4+AH41*C41^3+AG41*C41^2+AF41*C41+AE41 -> 1346.8731 | AE41: 1634.85 | AF41: =-0.590671 -> -0.590671 | AG41: 0.000957662 | AH41: -1.4732e-06 | AI41: 1.00979e-09 | AJ41: =-0.000000000000267564 -> -2.67564e-13 | AS41: 1 | AT41: =IF(Koordinaten!$E$12=Tabelle1!AS41,900,"") | AU41: =IF($AT41="","",Koordinaten!$D$5) | AV41: =IF($AT41="","",Koordinaten!$D$6) | BB41: 1 | BC41: =$AT$39/10*COS(PI()/360*BB41*2) -> 289.95583 | BD41: =$AT$39/10*SIN(PI()/360*BB41*2) -> 5.0611979 | BE41: =Koordinaten!$D$5+BC41 -> 770.95583 | BF41: =Koordinaten!$D$6+BD41 -> 478.0612
C42: =E42 -> 900 | D42: =D41 -> 2 | E42: =E41+100 -> 900 | F42: 1305 | G42: 25.5 | H42: 20 | AD42: =AJ42*C42^5+AI42*C42^4+AH42*C42^3+AG42*C42^2+AF42*C42+AE42 -> 1310.5189 | AE42: 1635.85 | AF42: =-0.590671 -> -0.590671 | AG42: 0.000957662 | AH42: -1.4732e-06 | AI42: 1.00979e-09 | AJ42: =-0.000000000000267564 -> -2.67564e-13 | AS42: 2 | AT42: =IF(Koordinaten!$E$12=Tabelle1!AS42,1600,"") | AU42: =IF($AT42="","",Koordinaten!$D$5) | AV42: =IF($AT42="","",Koordinaten!$D$6) | BB42: =BB41+1 -> 2 | BC42: =$AT$39/10*COS(PI()/360*BB42*2) -> 289.82334 | BD42: =$AT$39/10*SIN(PI()/360*BB42*2) -> 10.120854 | BE42: =Koordinaten!$D$5+BC42 -> 770.82334 | BF42: =Koordinaten!$D$6+BD42 -> 483.12085
C43: =E43 -> 1000 | D43: 2 | E43: =E42+100 -> 1000 | F43: 1266 | G43: 25.2 | H43: 20 | AD43: =AJ43*C43^5+AI43*C43^4+AH43*C43^3+AG43*C43^2+AF43*C43+AE43 -> 1272.867 | AE43: 1636.85 | AF43: =-0.590671 -> -0.590671 | AG43: 0.000957662 | AH43: -1.4732e-06 | AI43: 1.00979e-09 | AJ43: =-0.000000000000267564 -> -2.67564e-13 | AS43: 3 | AT43: =IF(Koordinaten!$E$12=Tabelle1!AS43,2300,"") | AU43: =IF($AT43="","",Koordinaten!$D$5) | AV43: =IF($AT43="","",Koordinaten!$D$6) | BB43: =BB42+1 -> 3 | BC43: =$AT$39/10*COS(PI()/360*BB43*2) -> 289.60257 | BD43: =$AT$39/10*SIN(PI()/360*BB43*2) -> 15.177427 | BE43: =Koordinaten!$D$5+BC43 -> 770.60257 | BF43: =Koordinaten!$D$6+BD43 -> 488.17743
C44: =E44 -> 1100 | D44: =D43 -> 2 | E44: =E43+100 -> 1100 | F44: 1225 | G44: 24.9 | H44: 22 | AD44: =AJ44*C44^5+AI44*C44^4+AH44*C44^3+AG44*C44^2+AF44*C44+AE44 -> 1233.5728 | AE44: 1637.85 | AF44: =-0.590671 -> -0.590671 | AG44: 0.000957662 | AH44: -1.4732e-06 | AI44: 1.00979e-09 | AJ44: =-0.000000000000267564 -> -2.67564e-13 | AS44: 4 | AT44: =IF(Koordinaten!$E$12=Tabelle1!AS44,2900,"") -> 2900 | AU44: =IF($AT44="","",Koordinaten!$D$5) -> 481 | AV44: =IF($AT44="","",Koordinaten!$D$6) -> 473 | BB44: =BB43+1 -> 4 | BC44: =$AT$39/10*COS(PI()/360*BB44*2) -> 289.29357 | BD44: =$AT$39/10*SIN(PI()/360*BB44*2) -> 20.229377 | BE44: =Koordinaten!$D$5+BC44 -> 770.29357 | BF44: =Koordinaten!$D$6+BD44 -> 493.22938
C45: =E45 -> 1200 | D45: =D44 -> 2 | E45: =E44+100 -> 1200 | F45: 1180 | G45: 24.4 | H45: 23 | AD45: =AJ45*C45^5+AI45*C45^4+AH45*C45^3+AG45*C45^2+AF45*C45+AE45 -> 1191.5042 | AE45: 1638.85 | AF45: =-0.590671 -> -0.590671 | AG45: 0.000957662 | AH45: -1.4732e-06 | AI45: 1.00979e-09 | AJ45: =-0.000000000000267564 -> -2.67564e-13 | BB45: =BB44+1 -> 5 | BC45: =$AT$39/10*COS(PI()/360*BB45*2) -> 288.89646 | BD45: =$AT$39/10*SIN(PI()/360*BB45*2) -> 25.275165 | BE45: =Koordinaten!$D$5+BC45 -> 769.89646 | BF45: =Koordinaten!$D$6+BD45 -> 498.27517
C46: =E46 -> 1300 | D46: =D45 -> 2 | E46: =E45+100 -> 1300 | F46: 1132 | G46: 23.9 | H46: 27 | AD46: =AJ46*C46^5+AI46*C46^4+AH46*C46^3+AG46*C46^2+AF46*C46+AE46 -> 1144.4209 | AE46: 1639.85 | AF46: =-0.590671 -> -0.590671 | AG46: 0.000957662 | AH46: -1.4732e-06 | AI46: 1.00979e-09 | AJ46: =-0.000000000000267564 -> -2.67564e-13 | BB46: =BB45+1 -> 6 | BC46: =$AT$39/10*COS(PI()/360*BB46*2) -> 288.41135 | BD46: =$AT$39/10*SIN(PI()/360*BB46*2) -> 30.313254 | BE46: =Koordinaten!$D$5+BC46 -> 769.41135 | BF46: =Koordinaten!$D$6+BD46 -> 503.31325
C47: =E47 -> 1400 | D47: =D46 -> 2 | E47: =E46+100 -> 1400 | F47: 1076 | G47: 23.2 | H47: 31 | AD47: =AJ47*C47^5+AI47*C47^4+AH47*C47^3+AG47*C47^2+AF47*C47+AE47 -> 1088.6532 | AE47: 1640.85 | AF47: =-0.590671 -> -0.590671 | AG47: 0.000957662 | AH47: -1.4732e-06 | AI47: 1.00979e-09 | AJ47: =-0.000000000000267564 -> -2.67564e-13 | BB47: =BB46+1 -> 7 | BC47: =$AT$39/10*COS(PI()/360*BB47*2) -> 287.83838 | BD47: =$AT$39/10*SIN(PI()/360*BB47*2) -> 35.34211 | BE47: =Koordinaten!$D$5+BC47 -> 768.83838 | BF47: =Koordinaten!$D$6+BD47 -> 508.34211
C48: =E48 -> 1500 | D48: =D47 -> 2 | E48: =E47+100 -> 1500 | F48: 1009 | G48: 22.3 | H48: 43 | AD48: =AJ48*C48^5+AI48*C48^4+AH48*C48^3+AG48*C48^2+AF48*C48+AE48 -> 1018.7808 | AE48: 1641.85 | AF48: =-0.590671 -> -0.590671 | AG48: 0.000957662 | AH48: -1.4732e-06 | AI48: 1.00979e-09 | AJ48: =-0.000000000000267564 -> -2.67564e-13 | BB48: =BB47+1 -> 8 | BC48: =$AT$39/10*COS(PI()/360*BB48*2) -> 287.17774 | BD48: =$AT$39/10*SIN(PI()/360*BB48*2) -> 40.360199 | BE48: =Koordinaten!$D$5+BC48 -> 768.17774 | BF48: =Koordinaten!$D$6+BD48 -> 513.3602
C49: =E49 -> 1600 | D49: =D48 -> 2 | E49: =E48+100 -> 1600 | F49: 912 | G49: 20.9 | H49: 109 | AD49: =AJ49*C49^5+AI49*C49^4+AH49*C49^3+AG49*C49^2+AF49*C49+AE49 -> 927.31178 | AE49: 1642.85 | AF49: =-0.590671 -> -0.590671 | AG49: 0.000957662 | AH49: -1.4732e-06 | AI49: 1.00979e-09 | AJ49: =-0.000000000000267564 -> -2.67564e-13 | BB49: =BB48+1 -> 9 | BC49: =$AT$39/10*COS(PI()/360*BB49*2) -> 286.42962 | BD49: =$AT$39/10*SIN(PI()/360*BB49*2) -> 45.365995 | BE49: =Koordinaten!$D$5+BC49 -> 767.42962 | BF49: =Koordinaten!$D$6+BD49 -> 518.36599
C50: =E50 -> 300 | D50: 3 | E50: 300 | F50: 1534 | G50: 31.7 | H50: 12 | AD50: =AJ50*C50^5+AI50*C50^4+AH50*C50^3+AG50*C50^2+AF50*C50+AE50 -> 1537.3115 | AE50: 1710.15 | AF50: =-0.931423 -> -0.931423 | AG50: 0.00161641 | AH50: =-0.00000166008 -> -1.66008e-06 | AI50: 7.73346e-10 | AJ50: =-0.000000000000135976 -> -1.35976e-13 | BB50: =BB49+1 -> 10 | BC50: =$AT$39/10*COS(PI()/360*BB50*2) -> 285.59425 | BD50: =$AT$39/10*SIN(PI()/360*BB50*2) -> 50.357972 | BE50: =Koordinaten!$D$5+BC50 -> 766.59425 | BF50: =Koordinaten!$D$6+BD50 -> 523.35797
C51: =E51 -> 400 | D51: 3 | E51: =E50+100 -> 400 | F51: 1511 | G51: 31.6 | H51: 12 | AD51: =AJ51*C51^5+AI51*C51^4+AH51*C51^3+AG51*C51^2+AF51*C51+AE51 -> 1508.3665 | AE51: 1710.15 | AF51: -0.931423 | AG51: 0.00161641 | AH51: =-0.00000166008 -> -1.66008e-06 | AI51: 7.73346e-10 | AJ51: -1.35976e-13 | BB51: =BB50+1 -> 11 | BC51: =$AT$39/10*COS(PI()/360*BB51*2) -> 284.67188 | BD51: =$AT$39/10*SIN(PI()/360*BB51*2) -> 55.334609 | BE51: =Koordinaten!$D$5+BC51 -> 765.67188 | BF51: =Koordinaten!$D$6+BD51 -> 528.33461
C52: =E52 -> 500 | D52: 3 | E52: =E51+100 -> 500 | F52: 1489 | G52: 31.6 | H52: 12 | AD52: =AJ52*C52^5+AI52*C52^4+AH52*C52^3+AG52*C52^2+AF52*C52+AE52 -> 1485.1159 | AE52: 1710.15 | AF52: -0.931423 | AG52: 0.00161641 | AH52: =-0.00000166008 -> -1.66008e-06 | AI52: 7.73346e-10 | AJ52: -1.35976e-13 | BB52: =BB51+1 -> 12 | BC52: =$AT$39/10*COS(PI()/360*BB52*2) -> 283.6628 | BD52: =$AT$39/10*SIN(PI()/360*BB52*2) -> 60.29439 | BE52: =Koordinaten!$D$5+BC52 -> 764.6628 | BF52: =Koordinaten!$D$6+BD52 -> 533.29439
C53: =E53 -> 600 | D53: 3 | E53: =E52+100 -> 600 | F53: 1466 | G53: 31.5 | H53: 12 | AD53: =AJ53*C53^5+AI53*C53^4+AH53*C53^3+AG53*C53^2+AF53*C53+AE53 -> 1464.2787 | AE53: 1710.15 | AF53: -0.931423 | AG53: 0.00161641 | AH53: =-0.00000166008 -> -1.66008e-06 | AI53: 7.73346e-10 | AJ53: -1.35976e-13 | BB53: =BB52+1 -> 13 | BC53: =$AT$39/10*COS(PI()/360*BB53*2) -> 282.56732 | BD53: =$AT$39/10*SIN(PI()/360*BB53*2) -> 65.235806 | BE53: =Koordinaten!$D$5+BC53 -> 763.56732 | BF53: =Koordinaten!$D$6+BD53 -> 538.23581
C54: =E54 -> 700 | D54: 3 | E54: =E53+100 -> 700 | F54: 1442 | G54: 31.4 | H54: 12 | AD54: =AJ54*C54^5+AI54*C54^4+AH54*C54^3+AG54*C54^2+AF54*C54+AE54 -> 1443.6142 | AE54: 1710.15 | AF54: -0.931423 | AG54: 0.00161641 | AH54: =-0.00000166008 -> -1.66008e-06 | AI54: 7.73346e-10 | AJ54: -1.35976e-13 | BB54: =BB53+1 -> 14 | BC54: =$AT$39/10*COS(PI()/360*BB54*2) -> 281.38576 | BD54: =$AT$39/10*SIN(PI()/360*BB54*2) -> 70.15735 | BE54: =Koordinaten!$D$5+BC54 -> 762.38576 | BF54: =Koordinaten!$D$6+BD54 -> 543.15735
C55: =E55 -> 800 | D55: 3 | E55: =E54+100 -> 800 | F55: 1419 | G55: 31.3 | H55: 12 | AD55: =AJ55*C55^5+AI55*C55^4+AH55*C55^3+AG55*C55^2+AF55*C55+AE55 -> 1421.7589 | AE55: 1710.15 | AF55: -0.931423 | AG55: 0.00161641 | AH55: =-0.00000166008 -> -1.66008e-06 | AI55: 7.73346e-10 | AJ55: -1.35976e-13 | BB55: =BB54+1 -> 15 | BC55: =$AT$39/10*COS(PI()/360*BB55*2) -> 280.11849 | BD55: =$AT$39/10*SIN(PI()/360*BB55*2) -> 75.057523 | BE55: =Koordinaten!$D$5+BC55 -> 761.11849 | BF55: =Koordinaten!$D$6+BD55 -> 548.05752
C56: =E56 -> 900 | D56: 3 | E56: =E55+100 -> 900 | F56: 1395 | G56: 31.1 | H56: 13 | AD56: =AJ56*C56^5+AI56*C56^4+AH56*C56^3+AG56*C56^2+AF56*C56+AE56 -> 1398.0629 | AE56: 1710.15 | AF56: -0.931423 | AG56: 0.00161641 | AH56: =-0.00000166008 -> -1.66008e-06 | AI56: 7.73346e-10 | AJ56: -1.35976e-13 | BB56: =BB55+1 -> 16 | BC56: =$AT$39/10*COS(PI()/360*BB56*2) -> 278.76589 | BD56: =$AT$39/10*SIN(PI()/360*BB56*2) -> 79.934833 | BE56: =Koordinaten!$D$5+BC56 -> 759.76589 | BF56: =Koordinaten!$D$6+BD56 -> 552.93483
C57: =E57 -> 1000 | D57: 3 | E57: =E56+100 -> 1000 | F57: 1370 | G57: 31 | H57: 13 | AD57: =AJ57*C57^5+AI57*C57^4+AH57*C57^3+AG57*C57^2+AF57*C57+AE57 -> 1372.427 | AE57: 1710.15 | AF57: -0.931423 | AG57: 0.00161641 | AH57: =-0.00000166008 -> -1.66008e-06 | AI57: 7.73346e-10 | AJ57: -1.35976e-13 | BB57: =BB56+1 -> 17 | BC57: =$AT$39/10*COS(PI()/360*BB57*2) -> 277.32838 | BD57: =$AT$39/10*SIN(PI()/360*BB57*2) -> 84.787794 | BE57: =Koordinaten!$D$5+BC57 -> 758.32838 | BF57: =Koordinaten!$D$6+BD57 -> 557.78779
C58: =E58 -> 1100 | D58: 3 | E58: =E57+100 -> 1100 | F58: 1344 | G58: 30.8 | H58: 13 | AD58: =AJ58*C58^5+AI58*C58^4+AH58*C58^3+AG58*C58^2+AF58*C58+AE58 -> 1345.1395 | AE58: 1710.15 | AF58: -0.931423 | AG58: 0.00161641 | AH58: =-0.00000166008 -> -1.66008e-06 | AI58: 7.73346e-10 | AJ58: -1.35976e-13 | BB58: =BB57+1 -> 18 | BC58: =$AT$39/10*COS(PI()/360*BB58*2) -> 275.80639 | BD58: =$AT$39/10*SIN(PI()/360*BB58*2) -> 89.614928 | BE58: =Koordinaten!$D$5+BC58 -> 756.80639 | BF58: =Koordinaten!$D$6+BD58 -> 562.61493
C59: =E59 -> 1200 | D59: 3 | E59: =E58+100 -> 1200 | F59: 1318 | G59: 30.6 | H59: 13 | AD59: =AJ59*C59^5+AI59*C59^4+AH59*C59^3+AG59*C59^2+AF59*C59+AE59 -> 1316.713 | AE59: 1710.15 | AF59: -0.931423 | AG59: 0.00161641 | AH59: =-0.00000166008 -> -1.66008e-06 | AI59: 7.73346e-10 | AJ59: -1.35976e-13 | BB59: =BB58+1 -> 19 | BC59: =$AT$39/10*COS(PI()/360*BB59*2) -> 274.20039 | BD59: =$AT$39/10*SIN(PI()/360*BB59*2) -> 94.414765 | BE59: =Koordinaten!$D$5+BC59 -> 755.20039 | BF59: =Koordinaten!$D$6+BD59 -> 567.41476
C60: =E60 -> 1300 | D60: 3 | E60: =E59+100 -> 1300 | F60: 1291 | G60: 30.3 | H60: 14 | AD60: =AJ60*C60^5+AI60*C60^4+AH60*C60^3+AG60*C60^2+AF60*C60+AE60 -> 1287.7214 | AE60: 1710.15 | AF60: -0.931423 | AG60: 0.00161641 | AH60: =-0.00000166008 -> -1.66008e-06 | AI60: 7.73346e-10 | AJ60: -1.35976e-13 | BB60: =BB59+1 -> 20 | BC60: =$AT$39/10*COS(PI()/360*BB60*2) -> 272.51086 | BD60: =$AT$39/10*SIN(PI()/360*BB60*2) -> 99.185842 | BE60: =Koordinaten!$D$5+BC60 -> 753.51086 | BF60: =Koordinaten!$D$6+BD60 -> 572.18584
C61: =E61 -> 1400 | D61: 3 | E61: =E60+100 -> 1400 | F61: 1263 | G61: 30.1 | H61: 15 | AD61: =AJ61*C61^5+AI61*C61^4+AH61*C61^3+AG61*C61^2+AF61*C61+AE61 -> 1258.6363 | AE61: 1710.15 | AF61: -0.931423 | AG61: 0.00161641 | AH61: =-0.00000166008 -> -1.66008e-06 | AI61: 7.73346e-10 | AJ61: -1.35976e-13 | BB61: =BB60+1 -> 21 | BC61: =$AT$39/10*COS(PI()/360*BB61*2) -> 270.73832 | BD61: =$AT$39/10*SIN(PI()/360*BB61*2) -> 103.92671 | BE61: =Koordinaten!$D$5+BC61 -> 751.73832 | BF61: =Koordinaten!$D$6+BD61 -> 576.92671
C62: =E62 -> 1500 | D62: 3 | E62: =E61+100 -> 1500 | F62: 1233 | G62: 29.7 | H62: 15 | AD62: =AJ62*C62^5+AI62*C62^4+AH62*C62^3+AG62*C62^2+AF62*C62+AE62 -> 1229.6644 | AE62: 1710.15 | AF62: -0.931423 | AG62: 0.00161641 | AH62: =-0.00000166008 -> -1.66008e-06 | AI62: 7.73346e-10 | AJ62: -1.35976e-13 | BB62: =BB61+1 -> 22 | BC62: =$AT$39/10*COS(PI()/360*BB62*2) -> 268.88332 | BD62: =$AT$39/10*SIN(PI()/360*BB62*2) -> 108.63591 | BE62: =Koordinaten!$D$5+BC62 -> 749.88332 | BF62: =Koordinaten!$D$6+BD62 -> 581.63591
... C69: =E69 -> 2200 | D69: 3 | E69: =E68+100 -> 2200 | F69: 931 | G69: 25.3 | H69: 46 | AD69: =AJ69*C69^5+AI69*C69^4+AH69*C69^3+AG69*C69^2+AF69*C69+AE69 -> 916.30337 | AE69: 1710.15 | AF69: -0.931423 | AG69: 0.00161641 | AH69: =-0.00000166008 -> -1.66008e-06 | AI69: 7.73346e-10 | AJ69: -1.35976e-13 | BB69: =BB68+1 -> 29 | BC69: =$AT$39/10*COS(PI()/360*BB69*2) -> 253.63972 | BD69: =$AT$39/10*SIN(PI()/360*BB69*2) -> 140.59479 | BE69: =Koordinaten!$D$5+BC69 -> 734.63972 | BF69: =Koordinaten!$D$6+BD69 -> 613.59479
C70: =E70 -> 2300 | D70: 3 | E70: =E69+100 -> 2300 | F70: 801 | G70: 22.7 | AD70: =AJ70*C70^5+AI70*C70^4+AH70*C70^3+AG70*C70^2+AF70*C70+AE70 -> 810.00268 | AE70: 1710.15 | AF70: -0.931423 | AG70: 0.00161641 | AH70: =-0.00000166008 -> -1.66008e-06 | AI70: 7.73346e-10 | AJ70: -1.35976e-13 | BB70: =BB69+1 -> 30 | BC70: =$AT$39/10*COS(PI()/360*BB70*2) -> 251.14737 | BD70: =$AT$39/10*SIN(PI()/360*BB70*2) -> 145 | BE70: =Koordinaten!$D$5+BC70 -> 732.14737 | BF70: =Koordinaten!$D$6+BD70 -> 618
C71: =E71 -> 400 | D71: 4 | E71: 400 | F71: 1531 | G71: 36.3 | H71: 9 | AD71: =AJ71*C71^5+AI71*C71^4+AH71*C71^3+AG71*C71^2+AF71*C71+AE71 -> 1532.7675 | AE71: 1652.31 | AF71: =-0.430979 -> -0.430979 | AG71: 0.000459345 | AH71: =-0.000000374758 -> -3.74758e-07 | AI71: 1.38268e-10 | AJ71: =-0.0000000000000196504 -> -1.96504e-14 | BB71: =BB70+1 -> 31 | BC71: =$AT$39/10*COS(PI()/360*BB71*2) -> 248.57852 | BD71: =$AT$39/10*SIN(PI()/360*BB71*2) -> 149.36104 | BE71: =Koordinaten!$D$5+BC71 -> 729.57852 | BF71: =Koordinaten!$D$6+BD71 -> 622.36104
C72: =E72 -> 500 | D72: 4 | E72: =E71+100 -> 500 | F72: 1514 | G72: 36.2 | H72: 9 | AD72: =AJ72*C72^5+AI72*C72^4+AH72*C72^3+AG72*C72^2+AF72*C72+AE72 -> 1512.8397 | AE72: 1652.31 | AF72: -0.430979 | AG72: 0.000459345 | AH72: =-0.000000374758 -> -3.74758e-07 | AI72: 1.38268e-10 | AJ72: =-0.0000000000000196504 -> -1.96504e-14 | BB72: =BB71+1 -> 32 | BC72: =$AT$39/10*COS(PI()/360*BB72*2) -> 245.93395 | BD72: =$AT$39/10*SIN(PI()/360*BB72*2) -> 153.67659 | BE72: =Koordinaten!$D$5+BC72 -> 726.93395 | BF72: =Koordinaten!$D$6+BD72 -> 626.67659
C73: =E73 -> 600 | D73: 4 | E73: =E72+100 -> 600 | F73: 1496 | G73: 36.2 | H73: 9 | AD73: =AJ73*C73^5+AI73*C73^4+AH73*C73^3+AG73*C73^2+AF73*C73+AE73 -> 1494.5306 | AE73: 1652.31 | AF73: -0.430979 | AG73: 0.000459345 | AH73: =-0.000000374758 -> -3.74758e-07 | AI73: 1.38268e-10 | AJ73: =-0.0000000000000196504 -> -1.96504e-14 | BB73: =BB72+1 -> 33 | BC73: =$AT$39/10*COS(PI()/360*BB73*2) -> 243.21446 | BD73: =$AT$39/10*SIN(PI()/360*BB73*2) -> 157.94532 | BE73: =Koordinaten!$D$5+BC73 -> 724.21446 | BF73: =Koordinaten!$D$6+BD73 -> 630.94532
C74: =E74 -> 700 | D74: 4 | E74: =E73+100 -> 700 | F74: 1478 | G74: 36.1 | H74: 9 | AD74: =AJ74*C74^5+AI74*C74^4+AH74*C74^3+AG74*C74^2+AF74*C74+AE74 -> 1477.0573 | AE74: 1652.31 | AF74: -0.430979 | AG74: 0.000459345 | AH74: =-0.000000374758 -> -3.74758e-07 | AI74: 1.38268e-10 | AJ74: =-0.0000000000000196504 -> -1.96504e-14 | BB74: =BB73+1 -> 34 | BC74: =$AT$39/10*COS(PI()/360*BB74*2) -> 240.4209 | BD74: =$AT$39/10*SIN(PI()/360*BB74*2) -> 162.16594 | BE74: =Koordinaten!$D$5+BC74 -> 721.4209 | BF74: =Koordinaten!$D$6+BD74 -> 635.16594
C75: =E75 -> 800 | D75: 4 | E75: =E74+100 -> 800 | F75: 1460 | G75: 36 | H75: 9 | AD75: =AJ75*C75^5+AI75*C75^4+AH75*C75^3+AG75*C75^2+AF75*C75+AE75 -> 1459.827 | AE75: 1652.31 | AF75: -0.430979 | AG75: 0.000459345 | AH75: =-0.000000374758 -> -3.74758e-07 | AI75: 1.38268e-10 | AJ75: =-0.0000000000000196504 -> -1.96504e-14 | BB75: =BB74+1 -> 35 | BC75: =$AT$39/10*COS(PI()/360*BB75*2) -> 237.55409 | BD75: =$AT$39/10*SIN(PI()/360*BB75*2) -> 166.33717 | BE75: =Koordinaten!$D$5+BC75 -> 718.55409 | BF75: =Koordinaten!$D$6+BD75 -> 639.33717
C76: =E76 -> 900 | D76: 4 | E76: =E75+100 -> 900 | F76: 1442 | G76: 35.9 | H76: 9 | AD76: =AJ76*C76^5+AI76*C76^4+AH76*C76^3+AG76*C76^2+AF76*C76+AE76 -> 1442.414 | AE76: 1652.31 | AF76: -0.430979 | AG76: 0.000459345 | AH76: =-0.000000374758 -> -3.74758e-07 | AI76: 1.38268e-10 | AJ76: =-0.0000000000000196504 -> -1.96504e-14 | BB76: =BB75+1 -> 36 | BC76: =$AT$39/10*COS(PI()/360*BB76*2) -> 234.61493 | BD76: =$AT$39/10*SIN(PI()/360*BB76*2) -> 170.45772 | BE76: =Koordinaten!$D$5+BC76 -> 715.61493 | BF76: =Koordinaten!$D$6+BD76 -> 643.45772
C77: =E77 -> 1000 | D77: 4 | E77: =E76+100 -> 1000 | F77: 1424 | G77: 35.8 | H77: 10 | AD77: =AJ77*C77^5+AI77*C77^4+AH77*C77^3+AG77*C77^2+AF77*C77+AE77 -> 1424.5356 | AE77: 1652.31 | AF77: -0.430979 | AG77: 0.000459345 | AH77: =-0.000000374758 -> -3.74758e-07 | AI77: 1.38268e-10 | AJ77: =-0.0000000000000196504 -> -1.96504e-14 | BB77: =BB76+1 -> 37 | BC77: =$AT$39/10*COS(PI()/360*BB77*2) -> 231.6043 | BD77: =$AT$39/10*SIN(PI()/360*BB77*2) -> 174.52636 | BE77: =Koordinaten!$D$5+BC77 -> 712.6043 | BF77: =Koordinaten!$D$6+BD77 -> 647.52636
C78: =E78 -> 1100 | D78: 4 | E78: =E77+100 -> 1100 | F78: 1405 | G78: 35.7 | H78: 10 | AD78: =AJ78*C78^5+AI78*C78^4+AH78*C78^3+AG78*C78^2+AF78*C78+AE78 -> 1406.0287 | AE78: 1652.31 | AF78: -0.430979 | AG78: 0.000459345 | AH78: =-0.000000374758 -> -3.74758e-07 | AI78: 1.38268e-10 | AJ78: =-0.0000000000000196504 -> -1.96504e-14 | BB78: =BB77+1 -> 38 | BC78: =$AT$39/10*COS(PI()/360*BB78*2) -> 228.52312 | BD78: =$AT$39/10*SIN(PI()/360*BB78*2) -> 178.54183 | BE78: =Koordinaten!$D$5+BC78 -> 709.52312 | BF78: =Koordinaten!$D$6+BD78 -> 651.54183
C79: =E79 -> 1200 | D79: 4 | E79: =E78+100 -> 1200 | F79: 1385 | G79: 35.6 | H79: 10 | AD79: =AJ79*C79^5+AI79*C79^4+AH79*C79^3+AG79*C79^2+AF79*C79+AE79 -> 1386.8262 | AE79: 1652.31 | AF79: -0.430979 | AG79: 0.000459345 | AH79: =-0.000000374758 -> -3.74758e-07 | AI79: 1.38268e-10 | AJ79: =-0.0000000000000196504 -> -1.96504e-14 | BB79: =BB78+1 -> 39 | BC79: =$AT$39/10*COS(PI()/360*BB79*2) -> 225.37233 | BD79: =$AT$39/10*SIN(PI()/360*BB79*2) -> 182.50291 | BE79: =Koordinaten!$D$5+BC79 -> 706.37233 | BF79: =Koordinaten!$D$6+BD79 -> 655.50291
C80: =E80 -> 1300 | D80: 4 | E80: =E79+100 -> 1300 | F80: 1366 | G80: 35.4 | H80: 10 | AD80: =AJ80*C80^5+AI80*C80^4+AH80*C80^3+AG80*C80^2+AF80*C80+AE80 -> 1366.9337 | AE80: 1652.31 | AF80: -0.430979 | AG80: 0.000459345 | AH80: =-0.000000374758 -> -3.74758e-07 | AI80: 1.38268e-10 | AJ80: =-0.0000000000000196504 -> -1.96504e-14 | BB80: =BB79+1 -> 40 | BC80: =$AT$39/10*COS(PI()/360*BB80*2) -> 222.15289 | BD80: =$AT$39/10*SIN(PI()/360*BB80*2) -> 186.40841 | BE80: =Koordinaten!$D$5+BC80 -> 703.15289 | BF80: =Koordinaten!$D$6+BD80 -> 659.40841
C81: =E81 -> 1400 | D81: 4 | E81: =E80+100 -> 1400 | F81: 1346 | G81: 35.3 | H81: 10 | AD81: =AJ81*C81^5+AI81*C81^4+AH81*C81^3+AG81*C81^2+AF81*C81+AE81 -> 1346.4054 | AE81: 1652.31 | AF81: -0.430979 | AG81: 0.000459345 | AH81: =-0.000000374758 -> -3.74758e-07 | AI81: 1.38268e-10 | AJ81: =-0.0000000000000196504 -> -1.96504e-14 | BB81: =BB80+1 -> 41 | BC81: =$AT$39/10*COS(PI()/360*BB81*2) -> 218.86578 | BD81: =$AT$39/10*SIN(PI()/360*BB81*2) -> 190.25712 | BE81: =Koordinaten!$D$5+BC81 -> 699.86578 | BF81: =Koordinaten!$D$6+BD81 -> 663.25712
C82: =E82 -> 1500 | D82: 4 | E82: =E81+100 -> 1500 | F82: 1326 | G82: 35.1 | H82: 11 | AD82: =AJ82*C82^5+AI82*C82^4+AH82*C82^3+AG82*C82^2+AF82*C82+AE82 -> 1325.321 | AE82: 1652.31 | AF82: -0.430979 | AG82: 0.000459345 | AH82: =-0.000000374758 -> -3.74758e-07 | AI82: 1.38268e-10 | AJ82: =-0.0000000000000196504 -> -1.96504e-14 | BB82: =BB81+1 -> 42 | BC82: =$AT$39/10*COS(PI()/360*BB82*2) -> 215.512 | BD82: =$AT$39/10*SIN(PI()/360*BB82*2) -> 194.04788 | BE82: =Koordinaten!$D$5+BC82 -> 696.512 | BF82: =Koordinaten!$D$6+BD82 -> 667.04788
C83: =E83 -> 1600 | D83: 4 | E83: =E82+100 -> 1600 | F83: 1305 | G83: 34.9 | H83: 11 | AD83: =AJ83*C83^5+AI83*C83^4+AH83*C83^3+AG83*C83^2+AF83*C83+AE83 -> 1303.7618 | AE83: 1652.31 | AF83: -0.430979 | AG83: 0.000459345 | AH83: =-0.000000374758 -> -3.74758e-07 | AI83: 1.38268e-10 | AJ83: =-0.0000000000000196504 -> -1.96504e-14 | BB83: =BB82+1 -> 43 | BC83: =$AT$39/10*COS(PI()/360*BB83*2) -> 212.09257 | BD83: =$AT$39/10*SIN(PI()/360*BB83*2) -> 197.77952 | BE83: =Koordinaten!$D$5+BC83 -> 693.09257 | BF83: =Koordinaten!$D$6+BD83 -> 670.77952
... C96: =E96 -> 2900 | D96: 4 | E96: =E95+100 -> 2900 | F96: 870 | G96: 27.7 | H96: 34 | AD96: =AJ96*C96^5+AI96*C96^4+AH96*C96^3+AG96*C96^2+AF96*C96+AE96 -> 874.4996 | AE96: 1652.31 | AF96: -0.430979 | AG96: 0.000459345 | AH96: =-0.000000374758 -> -3.74758e-07 | AI96: 1.38268e-10 | AJ96: =-0.0000000000000196504 -> -1.96504e-14 | BB96: =BB95+1 -> 56 | BC96: =$AT$39/10*COS(PI()/360*BB96*2) -> 162.16594 | BD96: =$AT$39/10*SIN(PI()/360*BB96*2) -> 240.4209 | BE96: =Koordinaten!$D$5+BC96 -> 643.16594 | BF96: =Koordinaten!$D$6+BD96 -> 713.4209
BB97: =BB96+1 -> 57 | BC97: =$AT$39/10*COS(PI()/360*BB97*2) -> 157.94532 | BD97: =$AT$39/10*SIN(PI()/360*BB97*2) -> 243.21446 | BE97: =Koordinaten!$D$5+BC97 -> 638.94532 | BF97: =Koordinaten!$D$6+BD97 -> 716.21446
BB98: =BB97+1 -> 58 | BC98: =$AT$39/10*COS(PI()/360*BB98*2) -> 153.67659 | BD98: =$AT$39/10*SIN(PI()/360*BB98*2) -> 245.93395 | BE98: =Koordinaten!$D$5+BC98 -> 634.67659 | BF98: =Koordinaten!$D$6+BD98 -> 718.93395
BB99: =BB98+1 -> 59 | BC99: =$AT$39/10*COS(PI()/360*BB99*2) -> 149.36104 | BD99: =$AT$39/10*SIN(PI()/360*BB99*2) -> 248.57852 | BE99: =Koordinaten!$D$5+BC99 -> 630.36104 | BF99: =Koordinaten!$D$6+BD99 -> 721.57852
BB100: =BB99+1 -> 60 | BC100: =$AT$39/10*COS(PI()/360*BB100*2) -> 145 | BD100: =$AT$39/10*SIN(PI()/360*BB100*2) -> 251.14737 | BE100: =Koordinaten!$D$5+BC100 -> 626 | BF100: =Koordinaten!$D$6+BD100 -> 724.14737
BB101: =BB100+1 -> 61 | BC101: =$AT$39/10*COS(PI()/360*BB101*2) -> 140.59479 | BD101: =$AT$39/10*SIN(PI()/360*BB101*2) -> 253.63972 | BE101: =Koordinaten!$D$5+BC101 -> 621.59479 | BF101: =Koordinaten!$D$6+BD101 -> 726.63972
BB102: =BB101+1 -> 62 | BC102: =$AT$39/10*COS(PI()/360*BB102*2) -> 136.14675 | BD102: =$AT$39/10*SIN(PI()/360*BB102*2) -> 256.0548 | BE102: =Koordinaten!$D$5+BC102 -> 617.14675 | BF102: =Koordinaten!$D$6+BD102 -> 729.0548
BB103: =BB102+1 -> 63 | BC103: =$AT$39/10*COS(PI()/360*BB103*2) -> 131.65724 | BD103: =$AT$39/10*SIN(PI()/360*BB103*2) -> 258.39189 | BE103: =Koordinaten!$D$5+BC103 -> 612.65724 | BF103: =Koordinaten!$D$6+BD103 -> 731.39189
BB104: =BB103+1 -> 64 | BC104: =$AT$39/10*COS(PI()/360*BB104*2) -> 127.12763 | BD104: =$AT$39/10*SIN(PI()/360*BB104*2) -> 260.65027 | BE104: =Koordinaten!$D$5+BC104 -> 608.12763 | BF104: =Koordinaten!$D$6+BD104 -> 733.65027
BB105: =BB104+1 -> 65 | BC105: =$AT$39/10*COS(PI()/360*BB105*2) -> 122.5593 | BD105: =$AT$39/10*SIN(PI()/360*BB105*2) -> 262.82926 | BE105: =Koordinaten!$D$5+BC105 -> 603.5593 | BF105: =Koordinaten!$D$6+BD105 -> 735.82926
BB106: =BB105+1 -> 66 | BC106: =$AT$39/10*COS(PI()/360*BB106*2) -> 117.95363 | BD106: =$AT$39/10*SIN(PI()/360*BB106*2) -> 264.92818 | BE106: =Koordinaten!$D$5+BC106 -> 598.95363 | BF106: =Koordinaten!$D$6+BD106 -> 737.92818
BB107: =BB106+1 -> 67 | BC107: =$AT$39/10*COS(PI()/360*BB107*2) -> 113.31203 | BD107: =$AT$39/10*SIN(PI()/360*BB107*2) -> 266.94641 | BE107: =Koordinaten!$D$5+BC107 -> 594.31203 | BF107: =Koordinaten!$D$6+BD107 -> 739.94641
BB108: =BB107+1 -> 68 | BC108: =$AT$39/10*COS(PI()/360*BB108*2) -> 108.63591 | BD108: =$AT$39/10*SIN(PI()/360*BB108*2) -> 268.88332 | BE108: =Koordinaten!$D$5+BC108 -> 589.63591 | BF108: =Koordinaten!$D$6+BD108 -> 741.88332
... BB400: =BB399+1 -> 360 | BC400: =$AT$39/10*COS(PI()/360*BB400*2) -> 290 | BD400: =$AT$39/10*SIN(PI()/360*BB400*2) -> -7.105861e-14 | BE400: =Koordinaten!$D$5+BC400 -> 771 | BF400: =Koordinaten!$D$6+BD400 -> 473

Sheet Tabelle2
